Job ID,Job URL,Job Title,Company Name,Status,Timestamp,WP ID
32ea65b542a06ce6,https://ci.linkedin.com/jobs/view/sales-officer-mid-size-industry-and-retail-at-puratos-schobbers-4437138125,Sales Officer Mid-size industry and retail,,scraped,2026-07-07T00:04:22.278526,
137c47042e129255,https://ci.linkedin.com/jobs/view/commercial-e-externe-agboville-c%C3%B4te-d-ivoire-at-lapaire-4436791369,Commercial (e) Externe - Agboville (Côte d'Ivoire),,scraped,2026-07-07T00:04:30.184793,
0087f2efd592f47f,https://ci.linkedin.com/jobs/view/technicien-montage-essais-sav-at-%E8%80%90%E5%85%8B%E6%A3%AE%E4%B8%AD%E5%9B%BD-4437128337,"Technicien Montage, Essais & SAV",,scraped,2026-07-07T00:04:37.843015,
2f44965cf664a66e,https://ci.linkedin.com/jobs/view/community-manager-at-ngser-4437137758,Community Manager,,scraped,2026-07-07T00:04:45.472433,
33ddcaa7e7d9b29c,https://ci.linkedin.com/jobs/view/joint-venture-accountant-at-eni-4425482893,Joint Venture Accountant,,scraped,2026-07-07T00:04:53.056101,
5ef7a3c5a8a6e2df,https://ci.linkedin.com/jobs/view/reservoir-engineer-at-eni-4425478922,Reservoir Engineer,,scraped,2026-07-07T00:04:59.547229,
4a7cd85cf2b6c8af,https://ci.linkedin.com/jobs/view/hr-coordinator-at-eni-4425488875,HR Coordinator,,scraped,2026-07-07T00:06:09.702284,
67fdf085a994aaf7,https://ci.linkedin.com/jobs/view/millwright-at-afgri-4436917333,Millwright,,scraped,2026-07-07T00:07:19.622921,
cd4172a788134967,https://ci.linkedin.com/jobs/view/%C3%A9p%C3%BCletg%C3%A9p%C3%A9sz-szerel%C5%91-at-technologies-%C3%A9p%C3%BCletg%C3%A9p%C3%A9szet-4435036440,Épületgépész szerelő,,scraped,2026-07-07T00:08:30.880306,
ad2beb9c66841792,https://ci.linkedin.com/jobs/view/junior-accountant-at-jmg-limited-4428928765,Junior Accountant,,scraped,2026-07-07T00:08:41.370149,
56042613e8280b8f,https://ci.linkedin.com/jobs/view/charg%C3%A9-du-contr%C3%B4le-des-comptes-consolidation-at-orange-c%C3%B4te-d-ivoire-4436315615,Chargé du Contrôle des Comptes & Consolidation,Orange Côte d'Ivoire,posted,2026-07-07T00:10:05.252314,20
05b7646b7d3945e9,https://ci.linkedin.com/jobs/view/manager-ghana-revenue-wca-opex-at-visa-4418097608,Manager - Ghana Revenue & WCA Opex,Visa,posted,2026-07-07T00:10:16.030361,22
dd87f7c57001bc75,https://ci.linkedin.com/jobs/view/responsable-qualit%C3%A9-site-chantier-activit%C3%A9s-sig-com-1-at-alstom-4432793073,Responsable Qualité Site (Chantier) Activités SIG & COM 1,,scraped,2026-07-07T00:10:18.697511,
a04ce8656c371a98,https://ci.linkedin.com/jobs/view/un-1-responsable-point-de-vente-h-f-at-agiloya-afrique-4435021520,UN (1) RESPONSABLE POINT DE VENTE - H/F,,scraped,2026-07-07T00:11:29.046495,
331be6a237be3286,https://ci.linkedin.com/jobs/view/senior-internal-auditor-at-endeavour-mining-4432703163,Senior Internal Auditor,,scraped,2026-07-07T00:11:35.488443,
d165f5c4323c25ec,https://ci.linkedin.com/jobs/view/field-engineering-program-generator-specialist-at-fieldcore-4435814782,Field Engineering Program - Generator Specialist,FieldCore,posted,2026-07-07T00:11:49.042749,24
4fa2c4039fb6103a,https://ci.linkedin.com/jobs/view/director-monitoring-evaluation-and-learning-mel-at-teach-for-all-4436064918,"Director, Monitoring, Evaluation, and Learning (MEL)",Teach For All,posted,2026-07-07T00:11:56.630818,26
f82ad7163dae0f42,https://ci.linkedin.com/jobs/view/commercial-terrain-boutique-abidjan-4436947358,Commercial Terrain boutique Abidjan,Ivoirienne des Produits Tropicaux (I.P.T.),posted,2026-07-07T00:12:04.602462,28
71c8559838625868,https://ci.linkedin.com/jobs/view/security-data-geographic-system-superintendent-at-endeavour-mining-4434655557,Security Data & Geographic System Superintendent,,scraped,2026-07-07T00:12:07.323348,
1f5c11364c178f69,https://ci.linkedin.com/jobs/view/gestionnaire-des-op%C3%A9rations-bceao-h-f-at-soci%C3%A9t%C3%A9-g%C3%A9n%C3%A9rale-c%C3%B4te-d-ivoire-4435570271,Gestionnaire des Opérations BCEAO - H/F,,scraped,2026-07-07T00:12:14.701183,
e45816ccff1f325d,https://ci.linkedin.com/jobs/view/translator-dioula-english-%2495-hr-remote-at-crossing-hurdles-4435451277,Translator - Dioula/English | $95/hr Remote,Crossing Hurdles,posted,2026-07-07T00:13:32.899237,30
67128ee065a00d71,https://ci.linkedin.com/jobs/view/senior-manager-%E2%80%93-health-africa-at-tony-blair-institute-for-global-change-4431956089,"Senior Manager – Health, Africa",Tony Blair Institute for Global Change,posted,2026-07-07T00:13:40.519371,32
07949b6707f83566,https://ci.linkedin.com/jobs/view/dioula-bilingual-expert-remote-at-yo-it-consulting-4436068100,Dioula Bilingual Expert - Remote,,scraped,2026-07-07T00:13:43.093613,
2dd691842bb43251,https://ci.linkedin.com/jobs/view/charg%C3%A9-de-contr%C3%B4le-interne-at-orange-c%C3%B4te-d-ivoire-4436323169,Chargé de Contrôle Interne,Orange Côte d'Ivoire,posted,2026-07-07T00:13:58.624328,34
bb1c3271d3ebbfbe,https://ci.linkedin.com/jobs/view/business-development-senior-manager-cameroon-based-in-cameroon-at-visa-4426063437,Business Development Senior Manager - Cameroon (Based in Cameroon),Visa,posted,2026-07-07T00:14:07.663450,36
fef09f663efb0f19,https://ci.linkedin.com/jobs/view/key-account-manager-west-africa-at-dna-recruitment-4432770172,Key Account Manager West Africa,DNA Recruitment,posted,2026-07-07T00:14:20.410882,38
f97f6f094312f1c0,https://ci.linkedin.com/jobs/view/business-development-senior-manager-senegal-based-in-senegal-at-visa-4426062509,Business Development Senior Manager - Senegal (Based in Senegal),Visa,posted,2026-07-07T00:14:29.561674,40
32b825d434fa0565,https://ci.linkedin.com/jobs/view/responsable-trade-finance-at-selego-4426322327,Responsable Trade Finance,,scraped,2026-07-07T00:14:32.281163,
15fe64e3c286ffdf,https://ci.linkedin.com/jobs/view/country-manager-h-f-at-locamed-c%C3%B4te-d%E2%80%99ivoire-4436377377,Country Manager (H/F),Locamed Côte d’Ivoire,posted,2026-07-07T00:14:49.191071,42
6096c34d56998dd6,https://ci.linkedin.com/jobs/view/french-bilingual-customer-service-specialist-at-talentpop-app-4433911764,French Bilingual Customer Service Specialist,TalentPop App,posted,2026-07-07T00:14:58.738399,44
a3aaafb9dec03ddb,https://ci.linkedin.com/jobs/view/manager-account-executive-fintechs-and-wallets-partners-abidjan-at-visa-4417702652,"Manager, Account Executive - Fintechs and Wallets Partners, Abidjan",Visa,posted,2026-07-07T00:15:08.911619,46
ea0fba5171da32c5,https://ci.linkedin.com/jobs/view/regional-sales-manager-west-africa-invitro-diagnostics-at-hemocue-4435515804,"Regional Sales Manager, West Africa (Invitro Diagnostics)",,scraped,2026-07-07T00:15:11.633622,
f46c1d3f3a77abbc,https://ci.linkedin.com/jobs/view/service-sales-marketing-specialist-at-hitachi-energy-4427920104,Service Sales & Marketing Specialist,,scraped,2026-07-07T00:15:18.587481,
6f819ca0d2653c55,https://ci.linkedin.com/jobs/view/agent-de-support-client%C3%A8le-international-h-f-at-talentpop-app-4433923421,Agent de Support Clientèle International (H/F),TalentPop App,posted,2026-07-07T00:16:36.442357,48
788639ad261f162b,https://ci.linkedin.com/jobs/view/agent-de-support-client%C3%A8le-international-h-f-at-talentpop-app-4433923459,Agent de Support Clientèle International (H/F),TalentPop App,posted,2026-07-07T00:16:45.810287,50
9bcfc5c4395f6fdf,https://ci.linkedin.com/jobs/view/french-bilingual-customer-service-specialist-at-talentpop-app-4433913599,French Bilingual Customer Service Specialist,TalentPop App,posted,2026-07-07T00:16:50.608194,44
1f33d4f41569010e,https://ci.linkedin.com/jobs/view/sports-data-collector-football-san-pedro-ivory-coast-at-genius-sports-4384061643,"Sports Data Collector (Football) - San-Pedro, Ivory Coast",,scraped,2026-07-07T00:16:52.911709,
20ac46c91c7f0957,https://ci.linkedin.com/jobs/view/juriste-apporteur-d%E2%80%99affaire-at-ak-business-conseils-4433954617,Juriste apporteur d’affaire,AK BUSINESS CONSEILS,posted,2026-07-07T00:17:14.361742,52
41cdfda1fc123442,https://ci.linkedin.com/jobs/view/senior-manager-government-affairs-central-africa-at-visa-4418106103,Senior Manager Government Affairs - Central Africa,Visa,posted,2026-07-07T00:17:25.753138,54
74c0fd4438e067ed,https://ci.linkedin.com/jobs/view/c-b-expert-region-africa-at-cma-cgm-4435464426,C&B Expert Region Africa,CMA CGM,posted,2026-07-07T00:17:40.533676,56
bcc8602ff04108cd,https://ci.linkedin.com/jobs/view/business-development-lead-new-business-models-at-roche-4435165379,Business Development Lead: New Business Models,,scraped,2026-07-07T00:17:43.153968,
a7ac980e0ee76fa2,https://ci.linkedin.com/jobs/view/pr%C3%A9parateur-%C3%A9quipement-arr%C3%AAt-p%C3%A9trochimique-h-f-13-at-ortec-group-4387846798,Préparateur équipement arrêt pétrochimique H/F - 13,,scraped,2026-07-07T00:17:50.307843,
14c90c28f185faa7,https://ci.linkedin.com/jobs/view/d%C3%A9veloppeur-freelance-backend-net-c%23-10-microservices-clean-architecture-at-technix-4432316501,Développeur FreeLance Backend .NET / C# 10 - Microservices (Clean Architecture),TECHNIX,posted,2026-07-07T00:18:06.835709,58
dc0d50a2cfedac5c,https://ci.linkedin.com/jobs/view/junior-professional-officer-lift-programme-green-lending-at-global-green-growth-institute-4427948545,Junior Professional Officer - LIFT Programme (Green Lending),,scraped,2026-07-07T00:18:09.504376,
77beafbc8c75ab1d,https://ci.linkedin.com/jobs/view/trader-grains-and-oilseeds-west-africa-ivory-coast-at-bunge-4435124189,Trader Grains and Oilseeds West Africa - Ivory Coast,Bunge,posted,2026-07-07T00:18:26.151137,60
cdf46886e9ea1b52,https://ci.linkedin.com/jobs/view/formateur-op%C3%A9rateur-interne-h-f-at-neemba-group-4434980749,Formateur Opérateur Interne H/F,Neemba Group,posted,2026-07-07T00:19:41.377062,62
5fa984a6b4437efc,https://ci.linkedin.com/jobs/view/senior-mod%C3%A9lisation-financi%C3%A8re-%C3%A9valuation-et-m-a-f-h-at-deloitte-4359181963,"Senior Modélisation financière, évaluation et M&A F/H",Deloitte,posted,2026-07-07T00:19:50.834579,64
13687225e6341b10,https://ci.linkedin.com/jobs/view/process-safety-specialist-at-eni-4425474961,Process Safety Specialist,,scraped,2026-07-07T00:19:53.478755,
1ecdf0eab65570dc,https://ci.linkedin.com/jobs/view/product-support-coordinator-psc-at-neemba-group-4435183003,Product Support Coordinator (PSC),Neemba Group,posted,2026-07-07T00:21:11.879175,66
8c214070938569b2,https://ci.linkedin.com/jobs/view/payroll-data-specialist-at-the-heineken-company-4437736245,Payroll & Data Specialist,The HEINEKEN Company,posted,2026-07-07T12:17:53.680147,68
9536244774136858,https://ci.linkedin.com/jobs/view/local-purchasing-supervisor-at-sigma-cylinders-4433179069,Local Purchasing Supervisor,,scraped,2026-07-07T12:17:56.286904,
f3a582ffbe779a08,https://ci.linkedin.com/jobs/view/material-requirement-planning-controller-at-saipem-4437403660,Material Requirement Planning Controller,,scraped,2026-07-07T12:18:06.077459,
30affa11f916ad5a,https://ci.linkedin.com/jobs/view/convenience-retail-category-manager-at-vivo-energy-4417939011,Convenience Retail Category Manager,,scraped,2026-07-07T12:18:15.226959,
aec7f90feb283168,https://ci.linkedin.com/jobs/view/hr-officer-at-bia-group-4426839968,HR Officer,,scraped,2026-07-07T12:18:21.972199,
cfa491dbf4f10f36,https://ci.linkedin.com/jobs/view/agent-de-s%C3%A9curit%C3%A9-at-g4s-4437705917,AGENT DE SÉCURITÉ,,scraped,2026-07-07T12:18:28.694329,
bc3316b6b9061c96,https://ci.linkedin.com/jobs/view/hakwood-leed-score-at-h%C3%BCni-parke-4435308775,Hakwood Leed Score,,scraped,2026-07-07T12:18:38.724181,
6009e803b2c961ee,https://ci.linkedin.com/jobs/view/technical-services-manager-animal-nutrition-ivory-coast-at-adm-4432388527,Technical Services Manager - Animal Nutrition - Ivory Coast,ADM,posted,2026-07-07T12:18:54.716812,70
4d77060980c0026a,https://ci.linkedin.com/jobs/view/sr-product-manager-core-consumer-solutions-abidjan-at-visa-4417495887,Sr Product Manager Core Consumer Solutions - Abidjan,Visa,posted,2026-07-07T12:19:03.774539,72
e726825f7bce2363,https://ci.linkedin.com/jobs/view/gestionnaire-logistique-import-export-h-f-logistic-specialist-import-export-m-f-at-prysmian-4428678199,Gestionnaire Logistique Import / Export (H/F) - Logistic Specialist Import-Export (M/F),,scraped,2026-07-07T12:19:06.412471,
80c985a203193d12,https://ci.linkedin.com/jobs/view/operations-accountant-at-transmed-4437409905,Operations Accountant,Transmed,posted,2026-07-07T12:19:22.249463,74
d0d4169ccc682b85,https://ci.linkedin.com/jobs/view/sales-manager-at-siemens-energy-4435443339,Sales Manager,Siemens Energy,posted,2026-07-07T12:19:42.732949,76
3a661762acb1d2a2,https://ci.linkedin.com/jobs/view/key-account-manager-afrique-h-f-at-locamed-sant%C3%A9-confort-4436325250,Key Account Manager Afrique (H/F),Locamed Santé & Confort,posted,2026-07-07T12:19:55.841538,78
a1cdc36dbb9fac7b,https://ci.linkedin.com/jobs/view/nest-lead-distribution-center-lead-at-zipline-4427676074,Nest Lead (Distribution Center Lead),Zipline,posted,2026-07-07T12:20:09.313313,80
d05665e329d2fc85,https://ci.linkedin.com/jobs/view/construction-operations-director-new-projects-at-alliad-4434512307,Construction Operations Director - New Projects,,scraped,2026-07-07T12:20:12.014660,
643dcd15073c2d3e,https://ci.linkedin.com/jobs/view/territory-manager-afrique-francophone-at-livanova-4433171600,Territory Manager - Afrique Francophone,,scraped,2026-07-07T12:20:19.893184,
35861e44f4b78ce0,https://ci.linkedin.com/jobs/view/superviseur-hse-usine-mj002015-at-sunda-international-4437427433,Superviseur HSE - Usine (MJ002015),森大国际,posted,2026-07-07T12:20:41.203402,82
0892503d3c7db872,https://ci.linkedin.com/jobs/view/conseiller-client-f-h-abidjan-service-client-bilingue-fr-en-at-concentrix-4406458760,Conseiller client (F/H)- Abidjan - Service Client - Bilingue (Fr/En),Concentrix,posted,2026-07-07T12:20:55.189486,84
8834a57525316555,https://ci.linkedin.com/jobs/view/cadre-sup%C3%A9rieur-de-sant%C3%A9-css-fili%C3%A8re-g%C3%A9riatrique-r%C3%A9%C3%A9ducation-et-coordination-des-stages-at-f%C3%A9d%C3%A9ration-hospitali%C3%A8re-de-france-fhf-occitanie-4437126980,"Cadre Supérieur de Santé (CSS),  Filière Gériatrique, Rééducation et coordination des stages",,scraped,2026-07-07T12:20:59.614424,
b351821c0200a42f,https://ci.linkedin.com/jobs/view/eoi-mobility-resources-management-officer-rmo-p-at-iom-un-migration-4435812305,EOI Mobility: Resources Management Officer (RMO) (P),IOM - UN Migration,posted,2026-07-07T12:21:17.730215,86
3d5a7d4bb5a97831,https://ci.linkedin.com/jobs/view/stagiaire-community-manager-at-ivoire-saphir-construction-4434521641,Stagiaire community manager,Ivoire saphir construction,posted,2026-07-07T12:21:31.828427,88
5d7ced47e244c426,https://ci.linkedin.com/jobs/view/dessinateur-projeteur-fluides-cvc-plomberie-at-fox-cooling-mep-4436534395,Dessinateur Projeteur Fluides (CVC/Plomberie),,scraped,2026-07-07T12:21:34.410386,
13dc77acc1bb16a6,https://ci.linkedin.com/jobs/view/ai-video-creator-at-the-flex-4436764967,AI Video Creator,,scraped,2026-07-07T12:21:42.310351,
2cac877c06ddf555,https://ci.linkedin.com/jobs/view/information-technology-specialist-at-avaso-technology-solutions-4432364778,Information Technology Specialist,,scraped,2026-07-07T12:21:48.992450,
db142c8c6bbde107,https://ci.linkedin.com/jobs/view/conseiller-client-f-h-t%C3%A9l%C3%A9vente-abidjan-fran%C3%A7ais-at-concentrix-4406451941,Conseiller client (F/H)- Télévente - Abidjan - Français,Concentrix,posted,2026-07-07T12:22:06.195586,90
f6e1fb1896f357b2,https://ci.linkedin.com/jobs/view/business-development-director-cameroon-based-in-cameroon-at-visa-4426075285,Business Development Director - Cameroon (Based in Cameroon),Visa,posted,2026-07-07T12:22:17.143466,92
ae6121cca33b6a15,https://ci.linkedin.com/jobs/view/ingenieur-coordination-cqe-moepsys-alstom-1-at-alstom-4432795019,Ingenieur Coordination CQE MOEPSYS Alstom 1,,scraped,2026-07-07T12:22:19.823510,
0251c3d5ae4e33cd,https://ci.linkedin.com/jobs/view/business-development-director-senegal-based-in-senagal-at-visa-4426063424,Business Development Director - Senegal (Based in Senagal),Visa,posted,2026-07-07T12:22:38.635746,94
8b9cb12f66713cfe,https://ci.linkedin.com/jobs/view/senior-project-engineer-at-endeavour-mining-4432778175,Senior Project Engineer,,scraped,2026-07-07T12:22:45.173987,
57381c39967c6433,https://ci.linkedin.com/jobs/view/senior-construction-engineer-fixed-term-2-years-at-endeavour-mining-4432709087,Senior Construction Engineer - Fixed Term 2 Years,,scraped,2026-07-07T12:22:54.516760,
13cde3c59a7dbd8c,https://ci.linkedin.com/jobs/view/senior-advisor-resource-mobilization-and-strategic-engagement-consultant-at-world-food-programme-4432362821,"Senior Advisor, Resource Mobilization and Strategic Engagement Consultant",,scraped,2026-07-07T12:23:04.097616,
8730ed932982909c,https://ci.linkedin.com/jobs/view/consultant-e-conseiller-technique-child-rights-and-business-crb-at-save-the-children-international-4436330452,Consultant(e) Conseiller Technique Child Rights and Business (CRB),Save the Children International,posted,2026-07-07T12:23:24.887642,96
41525941daabee3d,https://ci.linkedin.com/jobs/view/handyman-at-the-church-of-jesus-christ-of-latter-day-saints-4436818157,Handyman,The Church of Jesus Christ of Latter-day Saints,posted,2026-07-07T20:36:49.530288,98
09faf4cb0b8d8d93,https://ci.linkedin.com/jobs/view/construction-quantity-surveyor-at-kt-kinetics-technology-4434560758,CONSTRUCTION QUANTITY SURVEYOR,,scraped,2026-07-07T20:36:58.190528,
312e9389030d7ee8,https://ci.linkedin.com/jobs/view/fret-aviation-service-dhl-recent-dfw-airport-et-bureau-army-navy-station-dallas-texas-4380958377,FRET AVIATION SERVICE  DHL recent  DFW AIRPORT ET BUREAU ARMY NAVY STATION  DALLAS TEXAS,UNIVERSITY  CIVIL AVIATION NATIONAL AUTHORITY,posted,2026-07-07T20:37:17.622564,100
64abd87bda40e97e,https://ci.linkedin.com/jobs/view/fragrance-evaluation-manager-sub-saharan-africa-at-palicao-4425992780,Fragrance Evaluation Manager Sub-Saharan Africa,,scraped,2026-07-07T20:37:22.328632,
f9d49242819caf41,https://ci.linkedin.com/jobs/view/quality-assurance-supervisor-at-transmed-4433192286,QUALITY ASSURANCE SUPERVISOR,Transmed,posted,2026-07-07T20:37:42.037239,102
04e60300fa5e5ba3,https://ci.linkedin.com/jobs/view/dioula-bilingual-expert-remote-at-yo-it-consulting-4436068099,Dioula Bilingual Expert - Remote,,scraped,2026-07-07T20:37:44.707006,
32b328bb573345c2,https://ci.linkedin.com/jobs/view/account-controller-at-jmg-limited-4437850863,Account Controller,,scraped,2026-07-07T20:37:51.061480,
88ceff8f1bb93f2c,https://ci.linkedin.com/jobs/view/operations-associate-g-6-ft-%23071090-man-cote-d-ivoire-wcar-at-unicef-chad-4433725850,"Operations Associate (G-6), FT, #071090, Man - Cote d'Ivoire, WCAR",Unicef CHAD,posted,2026-07-07T20:38:14.033314,104
41a2c7c8b4ec747f,https://ci.linkedin.com/jobs/view/explorationist-at-eni-4425496397,Explorationist,,scraped,2026-07-07T20:38:16.711058,
c73b2ede50329e53,https://ci.linkedin.com/jobs/view/sales-development-representative-french-speaking-at-huzzle-com-4437808207,Sales Development Representative (French Speaking),,scraped,2026-07-07T20:38:23.908391,
74c78eb4f88d604b,https://ci.linkedin.com/jobs/view/assistant-admin-rh-paie-abidjan-civ-stage-at-lapaire-4436735644,"Assistant Admin RH & Paie - Abidjan,CIV (STAGE)",,scraped,2026-07-07T20:38:31.090857,
da96963d87459c14,https://ci.linkedin.com/jobs/view/s%C3%A9lection-d%E2%80%99un-prestataire-pour-la-mise-en-%C5%93uvre-d%E2%80%99un-programme-de-renforcement-des-capacit%C3%A9s-de-160-producteurs-de-cacao-dans-le-d%C3%A9partement-de-divo-at-snv-4434529288,Sélection d’un prestataire pour la mise en œuvre d’un programme de renforcement des capacités de 160 producteurs de cacao dans le département de Divo,,scraped,2026-07-07T20:38:39.278217,
96188509ff4bfedf,https://ci.linkedin.com/jobs/view/chef-de-service-contr%C3%B4leur-financier-ecobank-c%C3%B4te-d-ivoire-at-ecobank-transnational-incorporated-4435487190,Chef de Service Contrôleur Financier - Ecobank Côte d'ivoire,,scraped,2026-07-07T20:38:46.951541,
304d24fa99c2862e,https://ci.linkedin.com/jobs/view/community-manager-at-yoyo-africa-4437826603,Community manager,Yoyo Africa,posted,2026-07-07T20:39:03.680651,106
9e43341b4f8f0a8c,https://ci.linkedin.com/jobs/view/senior-sales-manager-at-vinmar-international-4375257120,Senior Sales Manager,Vinmar International,posted,2026-07-07T20:39:23.838905,108
b4a66454729067e1,https://ci.linkedin.com/jobs/view/sr-consultant-product-abidjan-at-visa-4417709140,Sr. Consultant; Product - Abidjan,Visa,posted,2026-07-07T20:39:38.106166,110
3dbeb119e9d6f7d1,https://ci.linkedin.com/jobs/view/senior-program-management-specialist-at-fao-4434596054,Senior Program Management Specialist,,scraped,2026-07-07T20:39:42.807129,
1aeb956dba38f6bc,https://ci.linkedin.com/jobs/view/formateur-trice-experience-client-transport-transit-logistique-shipping-at-spirit-4437784337,"FORMATEUR (TRICE) - EXPERIENCE CLIENT - Transport, Transit, Logistique & Shipping",SPIRIT,posted,2026-07-07T20:39:56.228122,112
771ea0db38056d73,https://ci.linkedin.com/jobs/view/t2-junior-technician-impala-shafts-221-at-schauenburg-systems-4434576205,T2 Junior Technician - Impala Shafts - 221,,scraped,2026-07-07T20:40:02.887791,
106b60609d2d279a,https://ci.linkedin.com/jobs/view/mobile-money-solution-architect-at-huawei-4437828473,MOBILE MONEY SOLUTION ARCHITECT,,scraped,2026-07-07T20:40:21.365332,
013f1727a31bb48d,https://ci.linkedin.com/jobs/view/cdi-manager-surete-et-securite-afrique-de-l-ouest-f-h-x-at-canal%2B-group-4434496038,CDI - MANAGER SURETE ET SECURITE AFRIQUE DE L'OUEST - (F/H/X),,scraped,2026-07-07T20:40:27.947109,
2bb9f35e4a1b7812,https://ci.linkedin.com/jobs/view/pr%C3%A9parateur-m%C3%A9canique-s%C3%A9nior-h-f-international-at-ortec-group-4410063692,Préparateur Mécanique Sénior H/F - International,,scraped,2026-07-07T20:40:39.445737,
d23f960d879ead80,https://ci.linkedin.com/jobs/view/apporteurs-d%E2%80%99affaires-freelance-wagcompta-database-at-wagsystems-ci-4436371341,APPORTEURS D’AFFAIRES FREELANCE - WAGCOMPTA DATABASE,,scraped,2026-07-07T20:40:49.602560,
3ebd85ab86c863a0,https://ci.linkedin.com/jobs/view/hr-generalist-h-f-at-selego-4437787611,HR Generalist (H/F),,scraped,2026-07-08T07:18:36.236070,
f57f7106e1601898,https://ci.linkedin.com/jobs/view/customer-experience-consultant-at-caterpillar-inc-4437799596,Customer Experience Consultant,Caterpillar Inc.,posted,2026-07-08T07:19:00.045328,124
8ed8f1abcce20884,https://ci.linkedin.com/jobs/view/social-performance-supervisor-%E2%80%93-lrp-iga-at-endeavour-mining-4434542234,Social Performance Supervisor – LRP / IGA,,scraped,2026-07-08T07:19:22.431700,
0ef4a1c53e2b95a0,https://ci.linkedin.com/jobs/view/people-programs-manager-at-wave-mobile-money-4437402836,People Programs Manager,,scraped,2026-07-08T07:19:30.034746,
aae73c7a3e0f61b3,https://ci.linkedin.com/jobs/view/programme-pilote-save-atlas-%E2%80%93-secure-data-exchange-platform-at-wagsystems-ci-4437447763,Programme pilote SAVE ATLAS – Secure data exchange platform,,scraped,2026-07-08T07:19:40.845667,
c53f8a2eb72d50ba,https://ci.linkedin.com/jobs/view/prescripteur-secteur-bourgogne-franche-comt%C3%A9-alsace-at-actis-isolation-4436860459,Prescripteur Secteur Bourgogne Franche Comté Alsace,,scraped,2026-07-08T07:19:47.520782,
2bd54e9c5be0c6ca,https://ci.linkedin.com/jobs/view/vie-shipping-lines-professional-abidjan-at-cma-cgm-4436089852,VIE Shipping Lines Professional - Abidjan,CMA CGM,posted,2026-07-08T07:20:12.827364,126
951ce51b80635275,https://ci.linkedin.com/jobs/view/g%C3%A9rant-bar-4438153881,Gérant bar,Assinie Bis Hôtel,posted,2026-07-08T07:20:41.501807,128
7e30176120c0cb8a,https://ci.linkedin.com/jobs/view/ing%C3%A9nieur-e-de-s%C3%A9curit%C3%A9-routi%C3%A8re-h-f-at-amend-4437828147,Ingénieur.e de Sécurité routière (H/F),,scraped,2026-07-08T07:20:43.932542,
a561be335582cbd5,https://ci.linkedin.com/jobs/view/supply-chain-manager-at-huawei-4437831605,Supply Chain Manager,,scraped,2026-07-08T13:20:13.898434,
2db3a395627b54bd,https://ci.linkedin.com/jobs/view/assistant-excellence-operationnelle-junior-h-f-at-solibra-ci-4436848846,ASSISTANT EXCELLENCE OPERATIONNELLE JUNIOR H/F,,scraped,2026-07-08T13:20:22.600131,
0d210d76744aaeef,https://ci.linkedin.com/jobs/view/svp-commercial-regional-director-west-africa-fintech-at-optasia-4436535209,"SVP Commercial & Regional Director West Africa, Fintech",,scraped,2026-07-08T13:20:35.422637,
0dea7ff357864964,https://ci.linkedin.com/jobs/view/supply-chain-operations-specialist-at-philip-morris-international-4437799519,Supply Chain Operations Specialist,,scraped,2026-07-08T13:20:42.030141,
a1b35adba8e884f3,https://ci.linkedin.com/jobs/view/field-engineering-program-controls-at-fieldcore-4426849158,Field Engineering Program - Controls,FieldCore,posted,2026-07-08T13:21:00.334904,130
3d7fc322a0f2b392,https://ci.linkedin.com/jobs/view/d%C3%A9l%C3%A9gu%C3%A9-e-m%C3%A9dical-e-at-nestl%C3%A9-4437436062,Délégué(e) Médical(e),Nestlé,posted,2026-07-08T13:21:22.224443,132
4d7232e635925317,https://ci.linkedin.com/jobs/view/charg%C3%A9-de-composantes-projet-epsg-h-f-at-expertise-france-4430299625,Chargé de Composantes _ Projet EPSG (H/F),,scraped,2026-07-08T13:21:32.996385,
eb58013e7d9bd2fd,https://ci.linkedin.com/jobs/view/superviseur-qualit%C3%A9-bilingue-en-centre-d-appel-h-f-abidjan-anglais-at-concentrix-4361434926,Superviseur Qualité Bilingue en Centre d'Appel (H/F) - Abidjan - Anglais,Concentrix,posted,2026-07-08T13:21:52.481081,134
cdbc6848e99a64bc,https://ci.linkedin.com/jobs/view/conseiller-technique-protection-de-l-enfant-technical-adviser-child-protection-at-save-the-children-international-4437795095,Conseiller technique Protection de l'Enfant / Technical Adviser Child Protection,Save the Children International,posted,2026-07-08T13:22:04.389889,136
c6f573efe693486a,https://ci.linkedin.com/jobs/view/stagiaire-community-manager-at-zrandor-group-4412145034,Stagiaire community manager,Zrandor Group,posted,2026-07-08T13:22:16.796425,88
6b350fc8d89096be,https://ci.linkedin.com/jobs/view/ux-ui-designer-at-the-flex-4436382496,UX/UI Designer,,scraped,2026-07-08T13:22:25.442830,
b8a64da70e16c74f,https://ci.linkedin.com/jobs/view/conseiller-client-f-h-abidjan-service-client-fran%C3%A7ais-at-concentrix-4406467514,Conseiller client (F/H) - Abidjan - Service Client - Français,Concentrix,posted,2026-07-08T13:22:43.176894,138
904df336780cf7f3,https://ci.linkedin.com/jobs/view/experts-en-appui-%C3%A0-l%E2%80%99%C3%A9laboration-d%E2%80%99un-plan-de-formation-des-formateurs-de-l%E2%80%99infas-h-f-at-expertise-france-4397575070,Experts en appui à l’élaboration d’un plan de formation des formateurs de l’INFAS (H/F),,scraped,2026-07-08T13:22:47.769165,
f51848222fa879f7,https://ci.linkedin.com/jobs/view/expert-national-en-communication-et-d%C3%A9veloppement-des-publics-projet-c2d-icc-h-f-at-expertise-france-4389475969,Expert national en communication et développement des publics_ Projet C2D ICC (H/F),,scraped,2026-07-08T13:22:59.797698,
e92315e3b2727a3f,https://ci.linkedin.com/jobs/view/corporate-events-coordinator-at-wave-mobile-money-4438254637,Corporate Events Coordinator,,scraped,2026-07-08T18:56:57.308110,
b8b2b97285227d8a,https://ci.linkedin.com/jobs/view/growth-marketer-at-the-flex-4436768730,Growth Marketer,,scraped,2026-07-08T18:57:08.230936,
8cfad94609bb37f4,https://ci.linkedin.com/jobs/view/consultant-itsm-junior-at-ina-it-consulting-4434849651,Consultant ITSM Junior,,scraped,2026-07-08T18:57:15.320567,
c757588c73026799,https://ci.linkedin.com/jobs/view/documentaliste-douane-at-sunda-international-4437084056,Documentaliste Douane,森大国际,posted,2026-07-08T18:57:46.884834,140
9f8dd239df8f4b9e,https://ci.linkedin.com/jobs/view/consultant-e-conseiller-technique-child-rights-and-business-crb-at-save-the-children-colombia-oficial-4436902293,Consultant(e) Conseiller Technique Child Rights and Business (CRB),,scraped,2026-07-08T18:57:53.632432,
5bbddff7be30cd58,https://ci.linkedin.com/jobs/view/channel-manager-at-midis-group-4387508766,Channel Manager,,scraped,2026-07-08T18:58:01.858580,
c98d6a3afe035c31,https://ci.linkedin.com/jobs/view/stagiaire-gestionnaire-de-projet-%E2%80%94-coordination-de-l-%C3%A9quipe-terrain-at-ebuziness-4438232334,Stagiaire Gestionnaire de Projet — Coordination de l'Équipe Terrain,ebuziness,posted,2026-07-08T18:58:24.208433,142
6641292ccd6d8f75,https://ci.linkedin.com/jobs/view/dioula-bilingual-expert-remote-at-yo-it-consulting-4436895107,Dioula Bilingual Expert - Remote,,scraped,2026-07-08T18:58:26.926720,
47d2901b9ee644e8,https://ci.linkedin.com/jobs/view/hr-talent-partner-h-f-at-soci%C3%A9t%C3%A9-g%C3%A9n%C3%A9rale-c%C3%B4te-d-ivoire-4437758722,HR TALENT PARTNER - H/F,,scraped,2026-07-08T18:58:37.438389,
10921a024b49a117,https://ci.linkedin.com/jobs/view/project-planning-engineer-at-kt-kinetics-technology-4434875434,Project Planning Engineer,,scraped,2026-07-08T18:58:44.930080,
fd39367d133a1cbf,https://ci.linkedin.com/jobs/view/agent-de-support-client%C3%A8le-international-h-f-at-talentpop-app-4434886496,Agent de Support Clientèle International (H/F),TalentPop App,posted,2026-07-08T18:59:08.728028,144
2106022dae8bda5f,https://ci.linkedin.com/jobs/view/work-from-home-customer-support-%E2%80%93-french-speaking-at-talentpop-app-4434892274,Work-from-Home Customer Support – French Speaking,TalentPop App,posted,2026-07-08T18:59:18.944128,146
9cbe34d3e91509be,https://ci.linkedin.com/jobs/view/work-from-home-customer-support-%E2%80%93-french-speaking-at-talentpop-app-4434872706,Work-from-Home Customer Support – French Speaking,TalentPop App,scraped,2026-07-08T18:59:23.066254,
118ef93e2d0f31f6,https://ci.linkedin.com/jobs/view/francophone-customer-support-representative-%E2%80%93-remote-at-talentpop-app-4434888420,Francophone Customer Support Representative – Remote,TalentPop App,posted,2026-07-08T18:59:38.310589,148
4c1f72f1accaedd4,https://ci.linkedin.com/jobs/view/agent-de-support-client%C3%A8le-international-h-f-at-talentpop-app-4434887497,Agent de Support Clientèle International (H/F),TalentPop App,posted,2026-07-08T18:59:50.392348,150
eb2afae1e0a62390,https://ci.linkedin.com/jobs/view/investisseur-priv%C3%A9-4437106713,Investisseur Privé,Organisation Professionnelle Des Musiciens De Côte D’Ivoire,posted,2026-07-08T18:59:58.604850,152
8ff056fd5ff82a4b,https://ci.linkedin.com/jobs/view/consultant-%E2%80%94-auto-financing-partnerships-lead-at-yango-4434530221,Consultant — Auto Financing Partnerships Lead,Yango,posted,2026-07-08T19:00:12.156024,154
2d6fe31564aa69d2,https://ci.linkedin.com/jobs/view/bilingual-customer-support-specialist-french-english-100%25-remote-at-talentpop-app-4434892251,Bilingual Customer Support Specialist (French/English) - 100% Remote,TalentPop App,posted,2026-07-08T19:00:24.410068,156
fe828d409a56995d,https://ci.linkedin.com/jobs/view/french-customer-support-specialist-bilingual-fr-en-non-voice-blended-remote-at-talentpop-app-4434884449,French Customer Support Specialist (Bilingual FR/EN | Non-Voice/Blended | Remote),TalentPop App,posted,2026-07-08T19:00:40.038922,158
797bb4e152ddb295,https://ci.linkedin.com/jobs/view/french-customer-support-specialist-bilingual-fr-en-non-voice-blended-remote-at-talentpop-app-4434874781,French Customer Support Specialist (Bilingual FR/EN | Non-Voice/Blended | Remote),TalentPop App,posted,2026-07-08T19:00:45.468026,158
6c3c0b518b1379f3,https://ci.linkedin.com/jobs/view/bilingual-customer-support-specialist-french-english-100%25-remote-at-talentpop-app-4434884415,Bilingual Customer Support Specialist (French/English) - 100% Remote,TalentPop App,posted,2026-07-08T19:00:50.441254,156
47cf8c99c3883186,https://ci.linkedin.com/jobs/view/digital-sales-support-representative-at-talentpop-app-4434887325,Digital Sales & Support Representative,TalentPop App,posted,2026-07-08T19:00:58.216436,160
a46066e8cacb8556,https://ci.linkedin.com/jobs/view/remote-french-bilingual-customer-support-representative-at-talentpop-app-4434886302,Remote French Bilingual Customer Support Representative,TalentPop App,posted,2026-07-08T19:01:11.232553,162
a30ed2db10c7eed0,https://ci.linkedin.com/jobs/view/french%2Benglish-bilingual-customer-service-representative-at-talentpop-app-4434891318,French+English Bilingual Customer Service Representative,TalentPop App,posted,2026-07-08T19:01:19.795698,164
3c747cab45a8591a,https://ci.linkedin.com/jobs/view/french-speaking-customer-support-specialist-at-talentpop-app-4434885312,French-Speaking Customer Support Specialist,TalentPop App,posted,2026-07-08T19:01:31.172112,166
389441f757f58b6e,https://ci.linkedin.com/jobs/view/digital-sales-support-representative-at-talentpop-app-4434890200,Digital Sales & Support Representative,TalentPop App,posted,2026-07-08T19:01:38.730495,160
dc85197ce96eff20,https://ci.linkedin.com/jobs/view/digital-sales-support-representative-at-talentpop-app-4434889314,Digital Sales & Support Representative,TalentPop App,posted,2026-07-08T19:01:43.457283,160
23494c4de8fd6445,https://ci.linkedin.com/jobs/view/french-speaking-customer-support-specialist-at-talentpop-app-4434876705,French-Speaking Customer Support Specialist,TalentPop App,posted,2026-07-08T19:01:48.794993,166
17f3c5584d7b913e,https://ci.linkedin.com/jobs/view/french-speaking-customer-support-specialist-at-talentpop-app-4434883328,French-Speaking Customer Support Specialist,TalentPop App,posted,2026-07-08T19:01:54.042549,166
ea8cde8516d203cb,https://ci.linkedin.com/jobs/view/french-speaking-customer-support-specialist-at-talentpop-app-4434877687,French-Speaking Customer Support Specialist,TalentPop App,scraped,2026-07-08T19:01:58.456532,
4e177354809b1ebc,https://ci.linkedin.com/jobs/view/virtual-customer-support-agent-french-english-%E2%80%93-100%25-remote-at-talentpop-app-4434870863,Virtual Customer Support Agent (French/English) – 100% Remote,TalentPop App,posted,2026-07-08T19:02:09.038456,168
22ae0d6223cdb9b0,https://ci.linkedin.com/jobs/view/virtual-customer-support-agent-french-english-%E2%80%93-100%25-remote-at-talentpop-app-4434875550,Virtual Customer Support Agent (French/English) – 100% Remote,TalentPop App,scraped,2026-07-08T19:02:13.144521,
11d0fac33bc14c90,https://ci.linkedin.com/jobs/view/french-customer-support-specialist-bilingual-fr-en-non-voice-blended-remote-at-talentpop-app-4434888430,French Customer Support Specialist (Bilingual FR/EN | Non-Voice/Blended | Remote),TalentPop App,posted,2026-07-08T19:02:18.317905,158
ec541ade2b73c24b,https://ci.linkedin.com/jobs/view/sp%C3%A9cialiste-bilingue-fran%C3%A7ais-anglais-du-support-client-%E2%80%94-voix-et-chat-at-talentpop-app-4434890409,Spécialiste Bilingue (Français/Anglais) du Support Client — Voix et Chat,TalentPop App,posted,2026-07-08T19:02:26.928761,170
c725a7f41c9e4ddf,https://ci.linkedin.com/jobs/view/work-from-home-customer-support-%E2%80%93-french-speaking-at-talentpop-app-4434888288,Work-from-Home Customer Support – French Speaking,TalentPop App,posted,2026-07-08T19:02:33.673980,146
462afa1fdcd0c160,https://ci.linkedin.com/jobs/view/sales-consultant-industrial-chemicals-at-potenthr-staffing-consulting-4434819671,Sales Consultant - Industrial Chemicals,,scraped,2026-07-08T19:02:44.440138,
7eba46b3950f7ec9,https://ci.linkedin.com/jobs/view/technicien-avicole-4433999123,Technicien avicole,DEZAI AgroVision SARL,posted,2026-07-08T19:02:59.820199,172
b57482c053df93b0,https://ci.linkedin.com/jobs/view/lenders-insurance-advisor-consultant-at-wtw-4436728107,Lenders Insurance Advisor Consultant,WTW,posted,2026-07-08T19:03:16.757730,174
7b8a7debcb9035bc,https://ci.linkedin.com/jobs/view/aide-preparateur-parc-catenaire-at-colas-rail-c%C3%B4te-d-ivoire-4434873025,AIDE PREPARATEUR PARC CATENAIRE,COLAS RAIL CÔTE D'IVOIRE,posted,2026-07-08T23:46:00.581224,176
f9fb939727401aec,https://ci.linkedin.com/jobs/view/responsable-portefeuille-projets-h-f-at-neemba-group-4438249647,Responsable Portefeuille Projets H/F,Neemba Group,posted,2026-07-08T23:46:30.509226,178
21d39faada2b0cd3,https://ci.linkedin.com/jobs/view/entrepreneur-in-residence-eir-at-the-flex-4436946410,Entrepreneur in Residence (EIR),,scraped,2026-07-08T23:46:33.166044,
b0fb26ecb359dec8,https://ci.linkedin.com/jobs/view/hse-permit-to-work-ptw-coordinator-at-kt-kinetics-technology-4434856787,HSE PERMIT TO WORK (PTW) COORDINATOR,,scraped,2026-07-08T23:46:57.585559,
49499d394bcb7cd7,https://ci.linkedin.com/jobs/view/fullstack-platform-engineer-at-joonapay-4437838883,Fullstack Platform Engineer,,scraped,2026-07-08T23:47:09.873687,
1d1de2faa4bd62ae,https://ci.linkedin.com/jobs/view/bilingual-customer-support-specialist-french-english-100%25-remote-at-talentpop-app-4434878524,Bilingual Customer Support Specialist (French/English) - 100% Remote,TalentPop App,posted,2026-07-08T23:47:21.570941,156
cc8805503a3d0345,https://ci.linkedin.com/jobs/view/bilingual-customer-support-specialist-french-english-100%25-remote-at-talentpop-app-4434887452,Bilingual Customer Support Specialist (French/English) - 100% Remote,TalentPop App,posted,2026-07-08T23:47:28.755971,156
5f4f5da186870088,https://ci.linkedin.com/jobs/view/francophone-customer-support-representative-%E2%80%93-remote-at-talentpop-app-4434880459,Francophone Customer Support Representative – Remote,TalentPop App,posted,2026-07-08T23:47:36.129390,148
4ce44ca05f45cb33,https://ci.linkedin.com/jobs/view/francophone-customer-support-representative-%E2%80%93-remote-at-talentpop-app-4434881391,Francophone Customer Support Representative – Remote,TalentPop App,posted,2026-07-08T23:47:43.660288,148
34d4737aa0e9465f,https://ci.linkedin.com/jobs/view/french-speaking-customer-support-specialist-at-talentpop-app-4434881572,French-Speaking Customer Support Specialist,TalentPop App,posted,2026-07-08T23:48:00.274513,166
67fa2e04eeba597f,https://ci.linkedin.com/jobs/view/french-bilingual-customer-service-specialist-at-talentpop-app-4434882427,French Bilingual Customer Service Specialist,TalentPop App,posted,2026-07-08T23:48:09.553658,44
799a2617b27b73c1,https://ci.linkedin.com/jobs/view/agent-de-support-client%C3%A8le-international-h-f-at-talentpop-app-4434883541,Agent de Support Clientèle International (H/F),TalentPop App,posted,2026-07-08T23:48:19.603830,180
4d85ef6e3ecc2841,https://ci.linkedin.com/jobs/view/francophone-customer-support-representative-%E2%80%93-remote-at-talentpop-app-4434880533,Francophone Customer Support Representative – Remote,TalentPop App,posted,2026-07-08T23:48:26.760687,148
736b59e3435319ca,https://ci.linkedin.com/jobs/view/french%2Benglish-bilingual-customer-service-representative-at-talentpop-app-4434892264,French+English Bilingual Customer Service Representative,TalentPop App,posted,2026-07-08T23:48:36.050599,182
84dc01b12b209503,https://ci.linkedin.com/jobs/view/virtual-customer-support-agent-french-english-%E2%80%93-100%25-remote-at-talentpop-app-4434892173,Virtual Customer Support Agent (French/English) – 100% Remote,TalentPop App,posted,2026-07-08T23:48:40.834785,168
839c09ddae22a70e,https://ci.linkedin.com/jobs/view/virtual-customer-support-agent-french-english-%E2%80%93-100%25-remote-at-talentpop-app-4434887430,Virtual Customer Support Agent (French/English) – 100% Remote,TalentPop App,scraped,2026-07-08T23:48:44.928328,
25e45dbe5af5f1c5,https://ci.linkedin.com/jobs/view/regulatory-affairs-and-licensing-francophone-africa-lead-at-tether-io-4437757445,Regulatory Affairs and Licensing- Francophone Africa Lead,Tether.io,posted,2026-07-08T23:49:01.131461,184
2eed5df189061f55,https://ci.linkedin.com/jobs/view/virtual-customer-support-agent-french-english-%E2%80%93-100%25-remote-at-talentpop-app-4434883549,Virtual Customer Support Agent (French/English) – 100% Remote,TalentPop App,posted,2026-07-08T23:49:08.783078,168
9c523d6344a0c492,https://ci.linkedin.com/jobs/view/virtual-customer-support-agent-french-english-%E2%80%93-100%25-remote-at-talentpop-app-4434879473,Virtual Customer Support Agent (French/English) – 100% Remote,TalentPop App,scraped,2026-07-08T23:49:12.791666,
af80520a9c012ace,https://ci.linkedin.com/jobs/view/french-english-customer-support-associate-at-talentpop-app-4434875549,French-English Customer Support Associate,TalentPop App,posted,2026-07-08T23:49:38.241548,186
5ece6943091f837e,https://ci.linkedin.com/jobs/view/french-speaking-customer-support-specialist-at-talentpop-app-4434869939,French-Speaking Customer Support Specialist,TalentPop App,posted,2026-07-08T23:49:46.993105,166
9abb9f358417cc49,https://ci.linkedin.com/jobs/view/french-speaking-customer-support-specialist-at-talentpop-app-4434879624,French-Speaking Customer Support Specialist,TalentPop App,posted,2026-07-08T23:50:02.292029,166
a9714220d0228a5c,https://ci.linkedin.com/jobs/view/french-speaking-customer-support-specialist-at-talentpop-app-4434874684,French-Speaking Customer Support Specialist,TalentPop App,scraped,2026-07-08T23:50:06.316321,
6aeb1c072e340596,https://ci.linkedin.com/jobs/view/sp%C3%A9cialiste-bilingue-fran%C3%A7ais-anglais-du-support-client-%E2%80%94-voix-et-chat-at-talentpop-app-4434879588,Spécialiste Bilingue (Français/Anglais) du Support Client — Voix et Chat,TalentPop App,posted,2026-07-08T23:50:15.694965,188
06ebdbb535fb768f,https://ci.linkedin.com/jobs/view/charg%C3%A9-sera-en-charge-de-la-consolidation-budg%C3%A9taire-du-suivi-de-la-performance-et-au-dialogue-au-sein-du-programme-c2d-rhs-cps-h-f-at-expertise-france-4402897771,"Chargé SERA en charge de la consolidation budgétaire, du suivi de la performance et au dialogue au sein du programme_C2D RHS (CPS) (H/F)",,scraped,2026-07-08T23:50:28.398714,
c069782505252012,https://ci.linkedin.com/jobs/view/m%C3%A9treur-bureau-d-%C3%A9tude-at-ci-m%C3%A9tr%C3%A9-4395056736,Métreur - bureau d'étude,CI Métré,posted,2026-07-09T11:27:58.576304,190
9a0d068f99499c9f,https://ci.linkedin.com/jobs/view/%E9%94%80%E5%94%AE%E7%BB%8F%E7%90%86-at-boduo-international-4433564918,销售经理,,scraped,2026-07-09T11:28:15.325799,
4fb90a567851b331,https://ci.linkedin.com/jobs/view/operator-at-nexans-4438567038,Operator,,scraped,2026-07-09T11:28:29.456825,
b616b63540cf0138,https://ci.linkedin.com/jobs/view/electrical-technician-at-altera-infrastructure-4438285743,Electrical Technician,,scraped,2026-07-09T11:28:39.654632,
e5138b13fb5ca79c,https://ci.linkedin.com/jobs/view/conseiller-technique-protection-de-l-enfant-technical-adviser-child-protection-at-save-the-children-colombia-oficial-4438185516,Conseiller technique Protection de l'Enfant / Technical Adviser Child Protection,,scraped,2026-07-09T11:28:51.547905,
14274ff5b90776f9,https://ci.linkedin.com/jobs/view/chef-cheffe-d-%C3%A9quipe-expert-e-en-%C3%A9nergie-at-ntu-international-a-s-4438606876,Chef / Cheffe d'Équipe - Expert(e) en Énergie,,scraped,2026-07-09T11:29:08.957935,
2b4d38fb14f8798e,https://ci.linkedin.com/jobs/view/sp%C3%A9cialiste-bilingue-fran%C3%A7ais-anglais-du-support-client-%E2%80%94-voix-et-chat-at-talentpop-app-4434890379,Spécialiste Bilingue (Français/Anglais) du Support Client — Voix et Chat,TalentPop App,posted,2026-07-09T11:29:42.374152,192
ec852c9bbd25fd13,https://ci.linkedin.com/jobs/view/french-english-customer-support-associate-at-talentpop-app-4434877474,French-English Customer Support Associate,TalentPop App,posted,2026-07-09T11:29:50.481258,186
f2aa1ed678da16b0,https://ci.linkedin.com/jobs/view/french-customer-support-specialist-bilingual-fr-en-non-voice-blended-remote-at-talentpop-app-4434881523,French Customer Support Specialist (Bilingual FR/EN | Non-Voice/Blended | Remote),TalentPop App,posted,2026-07-09T11:29:59.427682,158
561a4a71506e3da8,https://ci.linkedin.com/jobs/view/work-from-home-customer-support-%E2%80%93-french-speaking-at-talentpop-app-4434884395,Work-from-Home Customer Support – French Speaking,TalentPop App,posted,2026-07-09T11:30:07.349069,146
3eca2562ffe6b659,https://ci.linkedin.com/jobs/view/remote-french-bilingual-customer-support-representative-at-talentpop-app-4434884277,Remote French Bilingual Customer Support Representative,TalentPop App,posted,2026-07-09T11:30:30.123781,162
5d64b719aa62a527,https://ci.linkedin.com/jobs/view/mental-health-and-psychosocial-support-advisor-at-m%C3%A9decins-sans-fronti%C3%A8res-belgium-4438196463,Mental Health and Psychosocial Support Advisor,,scraped,2026-07-09T11:30:50.911151,
83ed8f9c570ecbb7,https://ci.linkedin.com/jobs/view/superviseur-piping-h-f-at-ep2c-4413342520,Superviseur piping (H/F),,scraped,2026-07-09T11:31:08.164882,
2d71001e9967a397,https://ci.linkedin.com/jobs/view/aide-monteur-catenaire-at-colas-rail-c%C3%B4te-d-ivoire-4434873024,AIDE - MONTEUR CATENAIRE,COLAS RAIL CÔTE D'IVOIRE,posted,2026-07-09T18:29:25.126606,194
927838b1e190e715,https://ci.linkedin.com/jobs/view/work-from-home-customer-support-%E2%80%93-french-speaking-at-talentpop-app-4434878516,Work-from-Home Customer Support – French Speaking,TalentPop App,posted,2026-07-09T18:29:29.987737,146
a9302415785896e4,https://ci.linkedin.com/jobs/view/operations-associate-g-6-ft-%23071090-man-cote-d-ivoire-wcar-at-unicef-4436715285,"Operations Associate (G-6), FT, #071090, Man - Cote d'Ivoire, WCAR",UNICEF,posted,2026-07-09T18:29:41.086780,196
2ae8c1c439c57281,https://ci.linkedin.com/jobs/view/chef-de-produit-services-digitaux-at-orange-c%C3%B4te-d-ivoire-4438664482,Chef de produit Services digitaux,Orange Côte d'Ivoire,posted,2026-07-09T18:30:12.212944,198
1534a4ad0b29f9e7,https://ci.linkedin.com/jobs/view/head-of-campaigns-content-at-narrativ-4438623015,Head of Campaigns/Content,Narrativ,posted,2026-07-09T18:30:27.947687,200
eb273024bad7fda6,https://ci.linkedin.com/jobs/view/responsable-portefeuille-projets-it-at-neemba-group-4438249647,Responsable Portefeuille Projets IT,Neemba Group,posted,2026-07-09T18:30:53.854149,202
dfa0b6fd5d4dfb9a,https://ci.linkedin.com/jobs/view/%F0%9F%8C%8D-sales-manager-%E2%80%94-solutions-bancaires-afrique-adria-business-technology-%C2%B7-cdi-%C2%B7-abidjan-cote-d-ivoires-at-adria-business-technology-4423159300,🌍 Sales Manager — Solutions Bancaires | Afrique Adria Business & Technology · CDI · Abidjan - Cote d'ivoires,,scraped,2026-07-09T18:31:08.547358,
b3c8c545a056d6f5,https://ci.linkedin.com/jobs/view/ing%C3%A9nieur-calcul-structure-abidjan-f-h-at-b-hive-engineering-4429032162,Ingénieur Calcul Structure - Abidjan F/H,,scraped,2026-07-09T18:31:24.035069,
031b76366bda564f,https://ci.linkedin.com/jobs/view/responsable-commercial-e-et-partenariats-at-shodal-4438800272,Responsable Commercial(e) et Partenariats,,scraped,2026-07-09T18:31:32.775221,
ff393242323dc487,https://ci.linkedin.com/jobs/view/pr%C3%A9parateur-instrumentation-h-f-at-ortec-group-4415293261,Préparateur instrumentation H/F,,scraped,2026-07-09T18:31:50.692513,
4f1903f826969922,https://ci.linkedin.com/jobs/view/stagiaire-%C3%A9cole-charg%C3%A9%C2%B7e-de-partenariat-at-transform-reves-4438662753,Stagiaire école Chargé·e de Partenariat,Transform Reves,posted,2026-07-09T18:32:12.385070,204
5debe65708e048f6,https://ci.linkedin.com/jobs/view/icredit-risk-data-intelligence-analyst-%E2%80%94-part-time-strong-english-required-at-aspan-energy-4433969121,ICredit Risk & Data Intelligence Analyst — Part-Time | Strong English Required,,scraped,2026-07-09T18:32:15.068896,
f1c427024cc790cc,https://ci.linkedin.com/jobs/view/virtual-customer-support-agent-french-english-%E2%80%93-100%25-remote-at-talentpop-app-4435687057,Virtual Customer Support Agent (French/English) – 100% Remote,TalentPop App,posted,2026-07-09T18:32:34.221111,168
8fc6322f91f55167,https://ci.linkedin.com/jobs/view/work-from-home-customer-support-%E2%80%93-french-speaking-at-talentpop-app-4434886407,Work-from-Home Customer Support – French Speaking,TalentPop App,posted,2026-07-09T18:32:41.078820,146
4b7116204bf415a7,https://ci.linkedin.com/jobs/view/work-from-home-customer-support-%E2%80%93-french-speaking-at-talentpop-app-4434875675,Work-from-Home Customer Support – French Speaking,TalentPop App,scraped,2026-07-09T18:32:45.210570,
d6f33ff737abad3b,https://ci.linkedin.com/jobs/view/work-from-home-customer-support-%E2%80%93-french-speaking-at-talentpop-app-4434890399,Work-from-Home Customer Support – French Speaking,TalentPop App,posted,2026-07-09T18:32:52.501451,146
8517fb2bc8ce9d4f,https://ci.linkedin.com/jobs/view/french-bilingual-customer-service-specialist-at-talentpop-app-4434878635,French Bilingual Customer Service Specialist,TalentPop App,posted,2026-07-09T18:33:02.576451,44
f5faaad326c0b9da,https://ci.linkedin.com/jobs/view/french-english-customer-support-associate-at-talentpop-app-4434874729,French-English Customer Support Associate,TalentPop App,posted,2026-07-09T18:33:14.267465,186
5641e0d722530e8a,https://ci.linkedin.com/jobs/view/remote-french-bilingual-customer-support-representative-at-talentpop-app-4434870916,Remote French Bilingual Customer Support Representative,TalentPop App,posted,2026-07-09T18:33:20.218793,162
764b8b78f35f55ec,https://ci.linkedin.com/jobs/view/hmanitarian-specialist-at-the-church-of-jesus-christ-of-latter-day-saints-4437560424,Hmanitarian Specialist,The Church of Jesus Christ of Latter-day Saints,posted,2026-07-09T18:33:51.534964,206
4b9456d3cacb7019,https://ci.linkedin.com/jobs/view/maintenance-planner-at-barry-callebaut-group-4437925348,Maintenance Planner,Barry Callebaut Group,posted,2026-07-09T23:55:17.727846,208
f155ccf0db4e6c44,https://ci.linkedin.com/jobs/view/production-operator-at-nexans-4438550820,Production Operator,,scraped,2026-07-09T23:55:38.406797,
b8f343448c070e50,https://ci.linkedin.com/jobs/view/business-development-manager-%E2%80%94-c%C3%B4te-d-ivoire-at-anker-innovations-4438643825,Business Development Manager — Côte d'Ivoire,Anker Innovations,posted,2026-07-09T23:56:03.367378,210
09b2c84d08895350,https://ci.linkedin.com/jobs/view/technologiste-conditionnement-at-nestl%C3%A9-4438678635,Technologiste Conditionnement,Nestlé,posted,2026-07-09T23:56:15.945153,212
85cbd1e202cb3c89,https://ci.linkedin.com/jobs/view/corporate-affairs-business-partner-at-fed-africa-4435471834,CORPORATE AFFAIRS BUSINESS PARTNER,,scraped,2026-07-09T23:56:38.573941,
0e2cbbc1312e8b03,https://ci.linkedin.com/jobs/view/stagiaire-support-projet-neemba-academy-at-neemba-group-4438678946,Stagiaire Support Projet - NEEMBA ACADEMY,Neemba Group,posted,2026-07-09T23:57:03.677536,214
1a6bbc6ede82295f,https://ci.linkedin.com/jobs/view/french%2Benglish-bilingual-customer-service-representative-at-talentpop-app-4434869987,French+English Bilingual Customer Service Representative,TalentPop App,posted,2026-07-09T23:57:16.764593,216
8e27efbb09929396,https://ci.linkedin.com/jobs/view/auditor-rainforest-alliance-at-scs-global-services-4398447763,"Auditor, Rainforest Alliance",SCS Global Services,posted,2026-07-09T23:57:31.717687,218
3b943cab63ff6b68,https://ci.linkedin.com/jobs/view/stagiaire-pour-l-afrique-de-l-ouest-du-centre-et-des-%C3%AEles-comores-et-madagascar-at-save-the-children-international-4438682309,"Stagiaire pour l'Afrique de l'Ouest, du Centre et des îles (Comores et Madagascar)",Save the Children International,posted,2026-07-09T23:57:45.037945,220
8058d8de927bb550,https://ci.linkedin.com/jobs/view/expert-e-secteur-de-l%E2%80%99%C3%A9nergie-au-b%C3%A9nin-at-ntu-international-a-s-4438635989,Expert(e) Secteur de l’Énergie au Bénin,,scraped,2026-07-09T23:58:03.594079,
fe9e31c18541cd26,https://ci.linkedin.com/jobs/view/french-english-customer-support-associate-at-talentpop-app-4434880389,French-English Customer Support Associate,TalentPop App,posted,2026-07-09T23:58:21.743068,186
fc000b89cc39e937,https://ci.linkedin.com/jobs/view/french-bilingual-customer-service-specialist-at-talentpop-app-4434881511,French Bilingual Customer Service Specialist,TalentPop App,posted,2026-07-09T23:58:27.289109,44
2bad11f99e873aef,https://ci.linkedin.com/jobs/view/agent-de-support-client%C3%A8le-international-h-f-at-talentpop-app-4434870944,Agent de Support Clientèle International (H/F),TalentPop App,posted,2026-07-09T23:58:57.880233,222
e7458bfe45673543,https://ci.linkedin.com/jobs/view/digital-sales-support-representative-at-talentpop-app-4434875521,Digital Sales & Support Representative,TalentPop App,posted,2026-07-09T23:59:06.032534,160
4aae35acdefc8036,https://ci.linkedin.com/jobs/view/sp%C3%A9cialiste-bilingue-fran%C3%A7ais-anglais-du-support-client-%E2%80%94-voix-et-chat-at-talentpop-app-4434891355,Spécialiste Bilingue (Français/Anglais) du Support Client — Voix et Chat,TalentPop App,posted,2026-07-09T23:59:19.121075,224
ed1cf7ea1a03d6bc,https://ci.linkedin.com/jobs/view/french-bilingual-customer-service-specialist-at-talentpop-app-4434876636,French Bilingual Customer Service Specialist,TalentPop App,posted,2026-07-09T23:59:26.119688,44
b9774bd76fd44091,https://ci.linkedin.com/jobs/view/remote-french-bilingual-customer-support-representative-at-talentpop-app-4434887354,Remote French Bilingual Customer Support Representative,TalentPop App,posted,2026-07-09T23:59:33.425627,162
29c3022ce7667c40,https://ci.linkedin.com/jobs/view/corporate-events-coordinator-at-wave-gambia-4437949073,Corporate Events Coordinator,Wave Gambia,posted,2026-07-10T11:25:58.347172,226
7652472d439b100c,https://ci.linkedin.com/jobs/view/barista-at-navy-events-4435929101,Barista,,scraped,2026-07-10T11:26:02.990522,
a5c99667822ddc36,https://ci.linkedin.com/jobs/view/area-sales-manager-at-zumtobel-lighting-4438616817,Area Sales Manager,,scraped,2026-07-10T11:26:37.146112,
2e7b77cf29e774b4,https://ci.linkedin.com/jobs/view/regulatory-affairs-ivdr-contractor-c%C3%B4te-d-ivoire-at-iqvia-4437997248,Regulatory Affairs IVDR - Contractor Côte d'Ivoire,IQVIA,posted,2026-07-10T11:26:54.129618,228
6affa7a988719ea7,https://ci.linkedin.com/jobs/view/magasinier-gestionnaire-de-stock-mj002018-at-sunda-international-4437778161,Magasinier / gestionnaire de stock (MJ002018),森大国际,posted,2026-07-10T11:27:16.888314,230
85a5aa28a0228b89,https://ci.linkedin.com/jobs/view/construction-hse-training-coordinator-at-kt-kinetics-technology-4435908199,CONSTRUCTION HSE TRAINING COORDINATOR,,scraped,2026-07-10T11:27:21.534707,
7464785797c89cf1,https://ci.linkedin.com/jobs/view/directeur-financier-directrice-financi%C3%A8re-at-kcr-partners-4438845212,Directeur financier/Directrice financière,KCR Partners,posted,2026-07-10T11:27:40.540424,232
08bc7191c5de1ba5,https://ci.linkedin.com/jobs/view/responsable-paie-administration-du-personnel-afrique-de-l-ouest-at-essilorluxottica-4419832234,Responsable Paie & Administration du Personnel - Afrique de l'Ouest,,scraped,2026-07-10T11:27:43.218215,
fae58afcde08a775,https://ci.linkedin.com/jobs/view/ouvrier-paysagiste-entretien-h-f-at-emeraude-jardins-4435906330,Ouvrier paysagiste entretien H/F,EMERAUDE JARDINS,posted,2026-07-10T11:28:00.998441,234
ab9a0549f5d6c02c,https://ci.linkedin.com/jobs/view/ing%C3%A9nieur-calcul-structure-abidjan-f-h-at-b-hive-engineering-4429022261,Ingénieur Calcul Structure - Abidjan F/H,,scraped,2026-07-10T11:28:11.657984,
902a5832f9c1c3e0,https://ci.linkedin.com/jobs/view/stagiaire-pour-l%E2%80%99afrique-de-l%E2%80%99ouest-du-centre-et-des-%C3%AEles-comores-et-madagascar-at-save-the-children-colombia-oficial-4439028452,"Stagiaire pour l’Afrique de l’Ouest, du Centre et des îles (Comores et Madagascar)",,scraped,2026-07-10T11:28:30.206666,
92a5096dd42e07bb,https://ci.linkedin.com/jobs/view/internship-at-afgri-4438565092,Internship,,scraped,2026-07-10T11:28:45.590775,
1ffaa50114e1fcd9,https://ci.linkedin.com/jobs/view/virtual-customer-support-agent-french-english-%E2%80%93-100%25-remote-at-talentpop-app-4435687055,Virtual Customer Support Agent (French/English) – 100% Remote,TalentPop App,posted,2026-07-10T11:29:16.042446,168
d4612e89c5a6af26,https://ci.linkedin.com/jobs/view/engenheiro-a-de-minas-planeamento-mineiro-pt-at-mota-engil-4435964513,Engenheiro/a de Minas - Planeamento Mineiro (PT),,scraped,2026-07-10T11:29:56.450164,
3f5473460bbdb7f2,https://ci.linkedin.com/jobs/view/office-boy-male-at-1link-solution-4436969817,Office-boy (Male),,scraped,2026-07-10T18:13:51.244493,
7670e6365d49d43b,https://ci.linkedin.com/jobs/view/office-facilities-coordinator-at-altera-infrastructure-4439074580,Office & Facilities Coordinator,,scraped,2026-07-10T18:14:01.544785,
1459d7e0bfd3efd0,https://ci.linkedin.com/jobs/view/management-accountant-global-grade-12-at-barloworld-power-angola-4438307271,Management Accountant Global Grade 12,,scraped,2026-07-10T18:14:21.957470,
8149a850ee907791,https://ci.linkedin.com/jobs/view/internship-event-coordinator-at-roche-4438845210,Internship - Event Coordinator,,scraped,2026-07-10T18:14:30.526200,
525042c5d1bc009f,https://ci.linkedin.com/jobs/view/ing%C3%A9nieur-des-mines-planification-mini%C3%A8re-m-f-fr-at-mota-engil-4435977088,Ingénieur des mines - Planification minière (m/f) (FR),,scraped,2026-07-10T18:14:37.828900,
f46c5236466d241b,https://ci.linkedin.com/jobs/view/cote-d-ivoire-internship-market-operations-abidjan-2026-at-citi-4435788210,"Cote d'ivoire Internship - Market Operations, Abidjan 2026",Citi,posted,2026-07-10T18:15:04.023214,236
737a6d7d6509bebb,https://ci.linkedin.com/jobs/view/superintendente-minas-m-f-pt-at-mota-engil-4435974175,Superintendente - Minas (m/f) (PT),,scraped,2026-07-10T18:15:06.372250,
5f4ff37632a4e269,https://ci.linkedin.com/jobs/view/d%C3%A9l%C3%A9gu%C3%A9-e-%C3%A0-la-protection-des-majeurs-mandataire-judiciaire-h-f-21-cdi-et-cdd-at-udaf-union-d%C3%A9partementale-des-associations-familiales-4437383230,Délégué(e) à la protection des majeurs / Mandataire judiciaire H/F (21) CDI et CDD,,scraped,2026-07-10T18:15:14.900117,
a20c3b1bdb85e1b6,https://ci.linkedin.com/jobs/view/travel-supervisor-abidjan-cote-d-ivoire-cdi-40-heures-at-the-church-of-jesus-christ-of-latter-day-saints-4437919241,Travel Supervisor| Abidjan-Cote D'Ivoire| CDI(40 Heures),The Church of Jesus Christ of Latter-day Saints,posted,2026-07-10T18:15:45.832566,238
b05f106091604f19,https://ci.linkedin.com/jobs/view/associate-manager-trade-marketing-west-africa-at-bic-4435198778,"Associate Manager, Trade Marketing-West Africa",BIC,posted,2026-07-10T18:16:18.534055,240
73b24cb7874628d4,https://ci.linkedin.com/jobs/view/vice-president-financements-structur%C3%A9s-h-f-at-soci%C3%A9t%C3%A9-g%C3%A9n%C3%A9rale-c%C3%B4te-d-ivoire-4432815903,Vice President Financements Structurés (H/F),,scraped,2026-07-10T18:16:21.163253,
0b46e9004d2d18df,https://ci.linkedin.com/jobs/view/un-1-chef-comptable-h-f-at-agiloya-afrique-4437550629,UN (1) CHEF COMPTABLE - H/F,,scraped,2026-07-10T18:16:34.605669,
bd4996dc657addef,https://ci.linkedin.com/jobs/view/directeur-travaux-batiments-abidjan-c%C3%B4te-d-ivoire-at-luseo-4435979918,"DIRECTEUR TRAVAUX BATIMENTS - Abidjan, CÔTE D'IVOIRE",,scraped,2026-07-10T18:16:44.777078,
9a416c8cdf1695ff,https://ci.linkedin.com/jobs/view/commercial-e-externe-dimbokro-c%C3%B4te-d-ivoire-at-lapaire-4438814427,Commercial (e) Externe - Dimbokro (Côte d'Ivoire),,scraped,2026-07-10T18:16:53.874336,
2e058b40e8c3f042,https://ci.linkedin.com/jobs/view/repr%C3%A9sentant-technique-des-moteurs-d-a%C3%A9ronautique-aeroengine-technical-representative-at-rolls-royce-4430731702,Représentant technique des moteurs d'aéronautique / Aeroengine Technical Representative,,scraped,2026-07-10T18:17:06.581154,
973fdd5bc143a41e,https://ci.linkedin.com/jobs/view/helpdesk-system-admin-junior-at-djamo-4439093897,Helpdesk / System Admin Junior,,scraped,2026-07-10T18:17:13.654624,
95cd0398069bdb17,https://ci.linkedin.com/jobs/view/juriste-de-droit-des-affaires-senior-at-anyray-partners-4438269898,Juriste de droit des affaires Senior,AnyRay&amp;Partners,posted,2026-07-10T18:17:54.087107,242
8ff27e40411f9ea8,https://ci.linkedin.com/jobs/view/gestionnaire-de-paie-4436632029,Gestionnaire de paie,CHEPITIMAYAS SÉCURITÉ SARL,posted,2026-07-10T18:18:21.152224,244
4234c02609b30365,https://ci.linkedin.com/jobs/view/vid%C3%A9aste-at-mi-souan-bie-4438500848,Vidéaste,MI SOUAN BIE,posted,2026-07-10T18:18:35.803532,246
45f385f6b2d2072d,https://ci.linkedin.com/jobs/view/french%2Benglish-bilingual-customer-service-representative-at-talentpop-app-4434887413,French+English Bilingual Customer Service Representative,TalentPop App,posted,2026-07-10T18:19:08.421116,248
f297fa8633fa8290,https://ci.linkedin.com/jobs/view/virtual-customer-support-agent-french-english-%E2%80%93-100%25-remote-at-talentpop-app-4434870793,Virtual Customer Support Agent (French/English) – 100% Remote,TalentPop App,posted,2026-07-10T18:19:23.254498,168
f54b207980f5b6ae,https://ci.linkedin.com/jobs/view/virtual-customer-support-agent-french-english-%E2%80%93-100%25-remote-at-talentpop-app-4434893047,Virtual Customer Support Agent (French/English) – 100% Remote,TalentPop App,scraped,2026-07-10T18:19:27.410748,
17bd861eb9264502,https://ci.linkedin.com/jobs/view/virtual-customer-support-agent-french-english-%E2%80%93-100%25-remote-at-talentpop-app-4435671351,Virtual Customer Support Agent (French/English) – 100% Remote,TalentPop App,posted,2026-07-10T18:19:58.602030,168
21907c0d8c1d4e4c,https://ci.linkedin.com/jobs/view/agent-comptable-at-muso-4439300264,AGENT COMPTABLE,Muso,posted,2026-07-10T23:36:16.187006,250
8b79809424710ab9,https://ci.linkedin.com/jobs/view/technicien-de-maintenance-polyvalent-cdi-abidjan-cote-d-ivoire-at-a-igreja-de-jesus-cristo-dos-santos-dos-%C3%BAltimos-dias-4439310268,Technicien de maintenance polyvalent - CDI|Abidjan-Cote D'Ivoire,,scraped,2026-07-10T23:36:18.813092,
accf9166c3335721,https://ci.linkedin.com/jobs/view/travel-supervisor-abidjan-cote-d-ivoire-cdi-40-heures-at-a-igreja-de-jesus-cristo-dos-santos-dos-%C3%BAltimos-dias-4439313056,Travel Supervisor| Abidjan-Cote D'Ivoire| CDI(40 Heures),,scraped,2026-07-10T23:36:25.548500,
e97b93cc6e340b61,https://ci.linkedin.com/jobs/view/mechanic-general-x4-global-grade-08-at-barloworld-power-angola-4438304323,Mechanic General X4 Global Grade 08,,scraped,2026-07-10T23:36:32.052661,
46ce19082b2652f5,https://ci.linkedin.com/jobs/view/engenheiro-a-de-minas-dire%C3%A7%C3%A3o-de-produ%C3%A7%C3%A3o-pt-at-mota-engil-4436626714,Engenheiro/a de Minas - Direção de Produção (PT),,scraped,2026-07-10T23:36:42.266009,
e462df59cce74f69,https://ci.linkedin.com/jobs/view/stagiaire-finance-at-muso-4439089866,STAGIAIRE FINANCE,Muso,posted,2026-07-10T23:37:04.698202,252
6b29b40b37bf07a7,https://ci.linkedin.com/jobs/view/operator-at-%E8%80%90%E5%85%8B%E6%A3%AE%E4%B8%AD%E5%9B%BD-4439075216,Operator,,scraped,2026-07-10T23:37:09.363223,
7ca67f82c44921ef,https://ci.linkedin.com/jobs/view/fixed-network-product-manager-at-huawei-4439099571,Fixed Network Product Manager,,scraped,2026-07-10T23:37:19.448234,
01c14ac909a0c5ee,https://ci.linkedin.com/jobs/view/furniture-sales-at-home-key-4425732587,Furniture Sales,Home Key,posted,2026-07-10T23:37:52.013671,254
a819f9ec8781d457,https://ci.linkedin.com/jobs/view/production-operator-at-%E8%80%90%E5%85%8B%E6%A3%AE%E4%B8%AD%E5%9B%BD-4439062842,Production Operator,,scraped,2026-07-10T23:37:54.684992,
0b86c4607d15011b,https://ci.linkedin.com/jobs/view/senior-b2b-sales-account-manager-at-jeune-afrique-4436611268,Senior B2B Sales & Account Manager,,scraped,2026-07-10T23:38:16.428075,
5a5c117b648e2de3,https://ci.linkedin.com/jobs/view/associate-banker-natural-resources-at-ebrd-4439085932,Associate Banker - Natural Resources,,scraped,2026-07-10T23:38:42.892112,
0191aedf85c3633f,https://ci.linkedin.com/jobs/view/language-teacher-remote-at-crossing-hurdles-4428495779,Language Teacher | Remote,Crossing Hurdles,posted,2026-07-10T23:39:07.326445,256
cf05ec782d3e4bca,https://ci.linkedin.com/jobs/view/solutions-consultant-at-palo-alto-networks-4417250763,Solutions Consultant,Palo Alto Networks,posted,2026-07-10T23:39:37.431766,258
b5f5126b4de42eda,https://ci.linkedin.com/jobs/view/directeur-pays-at-cep-business-copilot-4439385237,Directeur pays,,scraped,2026-07-10T23:39:40.069016,
b6948b8733c71f06,https://ci.linkedin.com/jobs/view/comptable-experimente-at-eqt-sarl-4439341650,COMPTABLE EXPERIMENTE,EQT SARL,posted,2026-07-10T23:40:52.150380,260
4863dd2b78400ead,https://ci.linkedin.com/jobs/view/contract-commercial-manager-at-huawei-4439315169,Contract Commercial Manager,,scraped,2026-07-10T23:40:54.815236,
68262d5a7bc127ef,https://ci.linkedin.com/jobs/view/virtual-customer-support-agent-french-english-%E2%80%93-100%25-remote-at-talentpop-app-4435665810,Virtual Customer Support Agent (French/English) – 100% Remote,TalentPop App,posted,2026-07-10T23:41:32.900445,168
12a4641d4be73050,https://ci.linkedin.com/jobs/view/ing%C3%A9nieur-des-mines-gestion-de-la-production-m-f-fr-1-at-mota-engil-4436628736,Ingénieur des Mines - Gestion de la Production (m/f) (FR) 1,,scraped,2026-07-11T07:24:54.882165,
229475d177fa0c32,https://ci.linkedin.com/jobs/view/regional-mental-health-and-psychosocial-support-advisor-m-f-x-%E2%80%93-abidjan-%E2%80%93-msf-belgium-at-reliefweb-4438898440,Regional Mental Health and Psychosocial Support Advisor (m/f/x) – Abidjan – MSF Belgium,ReliefWeb,posted,2026-07-11T07:25:15.663251,262
8cbd4b59418396d2,https://ci.linkedin.com/jobs/view/responsable-ressources-humaines-d%C3%A9veloppement-organisationnel-h-f-at-3amg-4436620308,Responsable Ressources Humaines & Développement Organisationnel (H/F),,scraped,2026-07-11T07:25:18.342810,
fa1565791633750a,https://ci.linkedin.com/jobs/view/consultant-charg%C3%A9-e-de-communication-interne-et-gestion-du-changement-at-muso-4439303196,CONSULTANT CHARGÉ(E) DE COMMUNICATION INTERNE ET GESTION DU CHANGEMENT,Muso,posted,2026-07-11T07:25:40.226045,264
aa5584f0ab4b6688,https://ci.linkedin.com/jobs/view/stagiare-montage-appel-d%E2%80%99offre-at-gerthe-imprimerie-4435986506,Stagiare montage appel d’offre,Gerthe Imprimerie,posted,2026-07-11T07:26:13.897382,266
ae09e01406e2a045,https://ci.linkedin.com/jobs/view/juriste-sp%C3%A9cialis%C3%A9-en-cadre-l%C3%A9gal-et-r%C3%A9glementaire-du-secteur-de-l%E2%80%99%C3%A9nergie-et-des-ppp-at-ntu-international-a-s-4439090168,Juriste spécialisé en cadre légal et réglementaire du secteur de l’énergie et des PPP,,scraped,2026-07-11T07:27:24.465435,
6dafbad23dedd064,https://ci.linkedin.com/jobs/view/research-assistant-intern-at-the-aurum-institute-4438544978,Research Assistant: Intern,,scraped,2026-07-11T11:36:51.088015,
e9ffbaf0de1cc1e6,https://ci.linkedin.com/jobs/view/project-security-fleet-manager-at-alstom-4435997035,Project Security & Fleet Manager,,scraped,2026-07-11T11:37:02.068329,
7c92dd02a0470857,https://ci.linkedin.com/jobs/view/associate-banker-at-ebrd-4439086902,Associate Banker,,scraped,2026-07-11T11:37:26.989917,
82b47934f5563ff5,https://ci.linkedin.com/jobs/view/project-manager-at-karadeniz-holding-4435992681,Project Manager,,scraped,2026-07-11T11:37:35.370952,
1efef59f8f29a82d,https://ci.linkedin.com/jobs/view/mechanic-general-x4-global-grade-08-at-barloworld-equipment-4439068184,Mechanic General X4 Global Grade 08,,scraped,2026-07-11T11:37:44.644409,
a6fc6572a89a4df7,https://ci.linkedin.com/jobs/view/un-1-commercial-h-f-at-agiloya-afrique-4437337507,UN (1) COMMERCIAL - H/F,,scraped,2026-07-11T11:37:52.299150,
dc9f89ea3b564a05,https://ci.linkedin.com/jobs/view/key-account-manager-b2b-at-canon-emea-4336707455,Key Account Manager - B2B,Canon EMEA,posted,2026-07-11T11:38:27.796327,268
fcb3c5a63b6a0814,https://ci.linkedin.com/jobs/view/dioula-bilingual-expert-remote-at-yo-it-consulting-4437941472,Dioula Bilingual Expert - Remote,,scraped,2026-07-11T11:38:38.264496,
0a0441f897928145,https://ci.linkedin.com/jobs/view/golang-node-js-developers-at-evozone-technolabs-a-gtg-network-company-4439326154,Golang/Node.Js developers,,scraped,2026-07-11T11:38:56.516846,
6053003b398cf80a,https://ci.linkedin.com/jobs/view/un-e-technico-commercial-h-f-at-3amg-4436614517,Un(e) Technico-Commercial (H/F),,scraped,2026-07-11T11:39:14.269382,
c9b0ce02ea34e03c,https://ci.linkedin.com/jobs/view/program-consultant-syphilis-free-start-at-effective-altruism-global-4439510900,Program Consultant - Syphilis-Free Start,Effective Altruism Global,posted,2026-07-11T11:40:09.276557,270
8d5c996e364c2da8,https://ci.linkedin.com/jobs/view/technicien-de-maintenance-polyvalent-cdi-abidjan-cote-d-ivoire-at-the-church-of-jesus-christ-of-latter-day-saints-4436818157,Technicien de maintenance polyvalent - CDI|Abidjan-Cote D'Ivoire,The Church of Jesus Christ of Latter-day Saints,posted,2026-07-11T11:41:06.258371,272
1d6e9091f81b720c,https://ci.linkedin.com/jobs/view/sr-consultant-sales-engineering-at-visa-4411601303,"Sr. Consultant, Sales Engineering",Visa,posted,2026-07-11T11:42:10.956489,274
9cfaae329c336cfe,https://ci.linkedin.com/jobs/view/responsable-des-ressources-humaines-at-3amg-4435918435,Responsable des Ressources Humaines,,scraped,2026-07-11T11:42:35.647476,
a980d8655995173f,https://ci.linkedin.com/jobs/view/humanitarian-specialist-abidjan-cote-d-iviore-cdi-40-heures-at-the-church-of-jesus-christ-of-latter-day-saints-4437560424,Humanitarian Specialist|Abidjan- Cote D'Iviore|CDI|40 Heures,The Church of Jesus Christ of Latter-day Saints,posted,2026-07-11T15:35:24.884093,276
a6afa4eedcb41637,https://ci.linkedin.com/jobs/view/sgabs-%C3%A0-compl%C3%A9ter-at-soci%C3%A9t%C3%A9-g%C3%A9n%C3%A9rale-african-business-services-4118876970,SGABS à compléter,,scraped,2026-07-11T18:40:24.692197,
6d533cbd5619ae47,https://ci.linkedin.com/jobs/view/food-service-worker-canada-at-hirez-manpower-solutions-inc-4438376513,Food Service Worker (Canada),,scraped,2026-07-11T18:41:10.568452,
f9a2eeb38b23dffa,https://ci.linkedin.com/jobs/view/rejoignez-l-aventure-diddifree-construisons-ensemble-le-futur-de-nos-solutions-%21-4439555147,Rejoignez l'aventure DiddiFree : Construisons ensemble le futur de nos solutions !,Diddifree SAS,posted,2026-07-11T18:42:25.900362,278
d8b93ce0ab5f5d02,https://ci.linkedin.com/jobs/view/wireless-high-level-solution-marketing-at-huawei-4439093799,Wireless High-Level Solution Marketing,,scraped,2026-07-11T20:53:54.267765,
cc1a3218d39da05b,https://ci.linkedin.com/jobs/view/business-analyst-si-at-orange-c%C3%B4te-d-ivoire-4438671058,Business Analyst SI,Orange Côte d'Ivoire,posted,2026-07-11T20:54:44.386093,280
528670a97d020c3a,https://ci.linkedin.com/jobs/view/community-manager-abidjan-at-ideoo-4440020613,Community manager - Abidjan,Ideoo,posted,2026-07-13T13:32:29.969582,282
512f60afeef0f411,https://ci.linkedin.com/jobs/view/senior-warranty-technician-global-grade-10-at-barloworld-power-angola-4439187679,Senior Warranty Technician Global Grade 10,,scraped,2026-07-13T13:32:48.797849,
a7e720655bbee2cd,https://ci.linkedin.com/jobs/view/responsable-du-centre-de-formation-num%C3%A9rique-at-transnumerik-4439019579,Responsable du Centre de Formation Numérique,,scraped,2026-07-13T13:32:56.296423,
915229ba4bfc9b28,https://ci.linkedin.com/jobs/view/gerente-de-seguridad-at-thompson-hotels-4439340976,Gerente de Seguridad,Thompson Hotels,posted,2026-07-13T13:33:12.665722,284
84f1d0ec3348cff7,https://ci.linkedin.com/jobs/view/hris-data-analyste-at-endeavour-mining-4437267691,HRIS & Data Analyste,,scraped,2026-07-13T13:33:19.130852,
81f08e67db5618ef,https://ci.linkedin.com/jobs/view/sales-representative-product-developer-at-enza-zaden-4439792879,Sales Representative & Product Developer,,scraped,2026-07-13T13:33:30.663181,
b1bf273b05537c6e,https://ci.linkedin.com/jobs/view/directeur-g%C3%A9n%C3%A9ral-afrique-centrale-at-kcr-partners-4439556229,Directeur Général  (Afrique Centrale),KCR Partners,posted,2026-07-13T13:33:49.886144,286
abe9f662df2c9799,https://ci.linkedin.com/jobs/view/d%C3%A9l%C3%A9gu%C3%A9-e-%C3%A0-la-protection-des-majeurs-mandataire-judiciaire-h-f-21-cdi-et-cdd-at-udaf-union-d%C3%A9partementale-des-associations-familiales-4439145866,Délégué(e) à la protection des majeurs / Mandataire judiciaire H/F (21) CDI et CDD,,scraped,2026-07-13T13:33:52.610573,
db872536104f8a39,https://ci.linkedin.com/jobs/view/surintendant-mines-m-f-fr-at-mota-engil-4435977090,Surintendant - Mines (m/f) (FR),,scraped,2026-07-13T13:34:05.225255,
37612ff5b5a109be,https://ci.linkedin.com/jobs/view/assistante-de-direction-at-assistance-distribution-auto-4437281215,ASSISTANTE DE DIRECTION,Assistance Distribution Auto,posted,2026-07-13T13:34:23.368162,288
a7f86c485454a047,https://ci.linkedin.com/jobs/view/ing%C3%A9nieur-calcul-structure-abidjan-f-h-at-b-hive-engineering-4439796621,Ingénieur Calcul Structure - Abidjan F/H,,scraped,2026-07-13T13:34:28.054754,
2de16f1297e46df1,https://ci.linkedin.com/jobs/view/techniciens-%C3%A9lectriciens-de-cat%C3%A9naires-at-steconfer-intelec-per%C3%BA-4435986156,Techniciens / électriciens de caténaires,STECONFER-INTELEC PERÚ,posted,2026-07-13T13:34:42.515892,290
5586a4f2649b848e,https://ci.linkedin.com/jobs/view/auditor-rainforest-alliance-at-scs-global-services-4402714211,"Auditor, Rainforest Alliance",SCS Global Services,posted,2026-07-13T13:35:32.154927,218
0eeb4cdf499523e3,https://ci.linkedin.com/jobs/view/chef-d%E2%80%99atelier-4439767235,Chef d’atelier,Ymeldax,posted,2026-07-13T13:35:48.179599,292
84bd1b4dd6d67e8d,https://ci.linkedin.com/jobs/view/technician-at-scania-group-4438233278,Technician,,scraped,2026-07-13T13:35:54.863325,
c548010caf99efa0,https://ci.linkedin.com/jobs/view/social-performance-stakeholder-engagement-and-grievance-mechanism-gm-at-endeavour-mining-4435975767,Social Performance Stakeholder Engagement and Grievance Mechanism (GM),,scraped,2026-07-13T13:36:03.252598,
6b737e8b2ab8225c,https://ci.linkedin.com/jobs/view/chef-de-l%E2%80%99unit%C3%A9-de-gestion-op%C3%A9rationnelle-ugo-at-jhpiego-4439078396,Chef de l’Unité de Gestion Opérationnelle (UGO),Jhpiego,posted,2026-07-13T13:36:27.557352,294
4349cf8ec9fe9490,https://ci.linkedin.com/jobs/view/parts-pricing-analyst-global-grade-10-at-barloworld-power-angola-4439485307,Parts Pricing Analyst Global Grade 10,,scraped,2026-07-15T11:14:05.708355,
9c751b0e2bcd3826,https://ci.linkedin.com/jobs/view/controleur-permanent-oci-at-ay-solutions-academy-4440596282,CONTROLEUR PERMANENT OCI,,scraped,2026-07-15T11:14:13.323392,
58da6e3700729f0f,https://ci.linkedin.com/jobs/view/eoi-hse-advisors-ivory-coast-at-lycopodium-4439871099,EOI - HSE Advisors - Ivory Coast,,scraped,2026-07-15T11:14:20.471495,
526e9f690ad0229d,https://ci.linkedin.com/jobs/view/credit-administration-officer-warehouse-management-ecobank-c%C3%B4te-d-ivoire-at-ay-solutions-academy-4440598243,"Credit Administration Officer, Warehouse Management - Ecobank Côte d'Ivoire",,scraped,2026-07-15T11:14:29.546065,
08d02166c0bbdc05,https://ci.linkedin.com/jobs/view/it-controller-at-wave-gambia-4439877000,IT Controller,Wave Gambia,posted,2026-07-15T11:14:45.813960,296
6bf5c0ad598470f1,https://ci.linkedin.com/jobs/view/it-controller-at-wave-mobile-money-4440579637,IT Controller,,scraped,2026-07-15T11:14:50.485251,
192d3d5ec9375a9b,https://ci.linkedin.com/jobs/view/operations-executive-at-rossland-group-4440921034,Operations Executive,,scraped,2026-07-15T11:14:57.523344,
0f35a40b2d02e70b,https://ci.linkedin.com/jobs/view/accounts-clerk-global-grade-07-at-barloworld-power-angola-4439954038,Accounts Clerk Global Grade 07,,scraped,2026-07-15T11:15:11.217297,
efb93fa3505130e3,https://ci.linkedin.com/jobs/view/assistant-rh-at-x-compta-4440906911,Assistant RH,X-COMPTA,posted,2026-07-15T11:15:26.953739,298
9673d9404aab84fa,https://ci.linkedin.com/jobs/view/head-of-media-at-narrativ-4440023928,Head of Media,Narrativ,posted,2026-07-15T11:15:39.068606,300
39b7b99d8b7c3725,https://ci.linkedin.com/jobs/view/transcriptionist-%2495-hr-remote-at-crossing-hurdles-4439851578,Transcriptionist | $95/hr Remote,Crossing Hurdles,posted,2026-07-15T11:15:50.662357,302
c8f5622d8857bc70,https://ci.linkedin.com/jobs/view/coordinateur-technique-at-bfi-groupe-4439742008,Coordinateur Technique,BFI Groupe,posted,2026-07-15T11:16:02.332456,304
9c237a5b49cd22c5,https://ci.linkedin.com/jobs/view/sales-manager-at-asbis-middle-east-4438051960,Sales Manager,,scraped,2026-07-15T11:16:05.036152,
e1fdd7506d137dec,https://ci.linkedin.com/jobs/view/marketing-manager-at-gsm-green-sm-4437651424,Marketing Manager,,scraped,2026-07-15T11:16:17.759342,
f266db5971c11169,https://ci.linkedin.com/jobs/view/dioula-transcription-annotation-specialist-%2495-hr-remote-at-crossing-hurdles-4432242363,Dioula Transcription & Annotation Specialist | $95/hr Remote,Crossing Hurdles,posted,2026-07-15T11:16:32.485294,306
c33cc99cba334a5c,https://ci.linkedin.com/jobs/view/pmo-coordinator-intern-6-months-at-endeavour-mining-4437670908,PMO Coordinator Intern - 6 Months,,scraped,2026-07-15T11:16:35.258766,
bf4f05ef84cf6e1e,https://ci.linkedin.com/jobs/view/outbound-manager-at-case-new-holland-const-equip-ind-private-limited-4440971023,OUTBOUND MANAGER,Case New Holland Const Equip Ind Private Limited,posted,2026-07-15T11:16:55.486457,308
4d9d721dbc5d0ead,https://ci.linkedin.com/jobs/view/charg%C3%A9-e-de-partenariat-at-sah-analytics-international-4440947598,Chargé(e) de Partenariat,,scraped,2026-07-15T11:16:58.217268,
ccfadc9b4e127282,https://ci.linkedin.com/jobs/view/sap-s4-hana-fi-co-manager-support-et-d%C3%A9ploiement-h-f-at-africa-global-logistics-4438087385,SAP S4/HANA - FI/CO Manager support et déploiement H/F,,scraped,2026-07-15T11:17:10.408563,
115412c1dc31b792,https://ci.linkedin.com/jobs/view/director-of-operations-%E2%80%93-general-contracting-at-expertise-recruitment-4437285548,Director of Operations – General Contracting,,scraped,2026-07-15T11:17:20.965335,
4cff45dbbeb2c7e2,https://ci.linkedin.com/jobs/view/wireless-technical-director-at-zte-corporation-4423147139,Wireless Technical Director,,scraped,2026-07-15T11:17:28.612582,
3f3b0b807daadbad,https://ci.linkedin.com/jobs/view/responsable-financier-at-citrac-compagnie-ivoirienne-de-transformation-de-cacao-4440832662,RESPONSABLE FINANCIER,CITRAC | Compagnie Ivoirienne de Transformation de Cacao,posted,2026-07-15T11:17:57.493655,310
4bf33ae9ae3b144a,https://ci.linkedin.com/jobs/view/credit-risk-manager-rental-global-grade-12-at-barloworld-power-angola-4438314068,Credit Risk Manager: Rental Global Grade 12,,scraped,2026-07-15T11:18:24.106533,
d72404a59a03bc16,https://ci.linkedin.com/jobs/view/aml-transaction-monitoring-analyst-at-wave-gambia-4439857752,AML Transaction Monitoring Analyst,,scraped,2026-07-15T11:18:35.913714,
82b45af09d778f03,https://ci.linkedin.com/jobs/view/aml-transaction-monitoring-analyst-at-wave-mobile-money-4440573769,AML Transaction Monitoring Analyst,,scraped,2026-07-15T11:18:42.849731,
68afb079d54321e5,https://ci.linkedin.com/jobs/view/merchant-account-supervisor-at-wave-gambia-4439965425,Merchant Account Supervisor,Wave Gambia,posted,2026-07-15T11:18:58.563353,312
db18ec297b6356aa,https://ci.linkedin.com/jobs/view/rejoignez-l-%C3%A9lite-du-support-client-bilingue-fran%C3%A7ais-anglais-%E2%80%93-100-%25-t%C3%A9l%C3%A9travail-%21-at-talentpop-app-4437645713,Rejoignez l'élite du support client bilingue (Français/Anglais) – 100 % Télétravail !,TalentPop App,posted,2026-07-15T11:19:16.566473,314
db6a55f73e4bb88a,https://ci.linkedin.com/jobs/view/rejoignez-l-%C3%A9lite-du-support-client-bilingue-fran%C3%A7ais-anglais-%E2%80%93-100-%25-t%C3%A9l%C3%A9travail-%21-at-talentpop-app-4437658017,Rejoignez l'élite du support client bilingue (Français/Anglais) – 100 % Télétravail !,TalentPop App,posted,2026-07-15T11:19:33.969746,316
1b1606042bdd2921,https://ci.linkedin.com/jobs/view/french-bilingual-customer-service-specialist-at-talentpop-app-4437647722,French Bilingual Customer Service Specialist,TalentPop App,posted,2026-07-15T11:19:40.978753,44
51a95996880bba25,https://ci.linkedin.com/jobs/view/assistant-e-marketing-boisson-mj002041-at-sunda-international-4440041896,Assistant(e) marketing boisson (MJ002041),,scraped,2026-07-15T11:20:01.597781,
bb317f75ad54e841,https://ci.linkedin.com/jobs/view/french-bilingual-customer-service-specialist-at-talentpop-app-4437636937,French Bilingual Customer Service Specialist,TalentPop App,posted,2026-07-15T11:20:16.526331,44
c7bf366f1230e4c6,https://ci.linkedin.com/jobs/view/french-customer-support-specialist-bilingual-fr-en-non-voice-blended-remote-at-talentpop-app-4437648672,French Customer Support Specialist (Bilingual FR/EN | Non-Voice/Blended | Remote),TalentPop App,posted,2026-07-15T11:20:27.823109,158
f477d1861252d251,https://ci.linkedin.com/jobs/view/rejoignez-l-%C3%A9lite-du-support-client-bilingue-fran%C3%A7ais-anglais-%E2%80%93-100-%25-t%C3%A9l%C3%A9travail-%21-at-talentpop-app-4437654182,Rejoignez l'élite du support client bilingue (Français/Anglais) – 100 % Télétravail !,TalentPop App,posted,2026-07-15T11:20:42.118879,318
74f29a65f107bdeb,https://ci.linkedin.com/jobs/view/remote-french-bilingual-customer-support-representative-at-talentpop-app-4437650476,Remote French Bilingual Customer Support Representative,TalentPop App,posted,2026-07-15T11:20:47.549809,162
cb69137cf4ad18ff,https://ci.linkedin.com/jobs/view/french-bilingual-customer-service-specialist-at-talentpop-app-4437648697,French Bilingual Customer Service Specialist,TalentPop App,posted,2026-07-15T11:20:52.404682,44
befb5dd935c762b4,https://ci.linkedin.com/jobs/view/remote-french-bilingual-customer-support-representative-at-talentpop-app-4437654186,Remote French Bilingual Customer Support Representative,TalentPop App,posted,2026-07-15T11:21:03.232958,162
3ec7884029d41bec,https://ci.linkedin.com/jobs/view/remote-french-bilingual-customer-support-representative-at-talentpop-app-4437653189,Remote French Bilingual Customer Support Representative,TalentPop App,posted,2026-07-15T11:21:09.467362,162
0b9203c1d6c42a23,https://ci.linkedin.com/jobs/view/stagiaire-designer-graphique-at-crop-agence-de-gestion-de-la-r%C3%A9putation-digitale-4440870776,Stagiaire Designer graphique,CROP - Agence de gestion de la réputation digitale,posted,2026-07-15T11:21:22.257019,320
1776c67c7d1224cc,https://ci.linkedin.com/jobs/view/group-technical-services-manager-at-seaboard-overseas-and-trading-group-4440084296,Group Technical Services Manager,Seaboard Overseas and Trading Group,posted,2026-07-15T11:21:33.466743,322
29b6acba6d1be90e,https://ci.linkedin.com/jobs/view/consultant-devops-amazon-aws-at-dughu-dealtoo-sas-4439593500,Consultant DevOps Amazon AWS,,scraped,2026-07-15T11:21:41.833284,
99969b83745d6474,https://ci.linkedin.com/jobs/view/expert-senior-en-politique-%C3%A9nerg%C3%A9tique-at-ntu-international-a-s-4440049658,Expert Senior en Politique Énergétique,,scraped,2026-07-15T11:21:47.936425,
593650f2711c9a1d,https://ci.linkedin.com/jobs/view/stagiaire-at-soci%C3%A9t%C3%A9-g%C3%A9n%C3%A9rale-c%C3%B4te-d-ivoire-4440028639,Stagiaire,,scraped,2026-07-15T11:21:55.038449,
b3fa9e657322ffd5,https://ci.linkedin.com/jobs/view/dioula-language-specialist-%2495-hr-remote-at-crossing-hurdles-4432227577,Dioula Language Specialist | $95/hr Remote,Crossing Hurdles,posted,2026-07-15T11:22:09.829493,324
048d81885086dc7e,https://ci.linkedin.com/jobs/view/dioula-linguistic-specialist-%2495-hr-remote-at-crossing-hurdles-4432232482,Dioula Linguistic Specialist | $95/hr Remote,Crossing Hurdles,posted,2026-07-15T11:22:22.020316,326
71d6ce58ecc0adb4,https://ci.linkedin.com/jobs/view/business-analyst-internship-6-months-at-endeavour-mining-4437697127,Business Analyst Internship - 6 MONTHS,,scraped,2026-07-15T11:22:24.635579,
9652a399db84dc10,https://ci.linkedin.com/jobs/view/sheq-officer-apprentice-at-epiroc-4439848505,SHEQ Officer Apprentice,,scraped,2026-07-15T11:22:34.107856,
bc9a19670e2ab276,https://ci.linkedin.com/jobs/view/stagiaire-op%C3%A9rations-rh-r%C3%A9mun%C3%A9ration-et-avantages-sociaux-at-muso-4439091800,"Stagiaire Opérations RH, Rémunération et Avantages Sociaux",Muso,posted,2026-07-15T11:22:48.604027,328
ab95f70d52b392f1,https://ci.linkedin.com/jobs/view/sheq-officer-apprentice-at-epiroc-4439932904,SHEQ Officer Apprentice,,scraped,2026-07-15T11:22:51.264697,
82b81c392f50d6af,https://ci.linkedin.com/jobs/view/express-interest-for-future-opportunities-nestl%C3%A9-cote-d-ivoire-supply-chain-at-nestl%C3%A9-4441695050,Express Interest for future opportunities: Nestlé Cote D'Ivoire - Supply Chain,Nestlé,posted,2026-07-17T11:07:08.743396,330
309b7573da67a208,https://ci.linkedin.com/jobs/view/storekeeper-at-jmg-limited-4438798058,Storekeeper,,scraped,2026-07-17T11:07:11.369901,
83bfa0448ac4626a,https://ci.linkedin.com/jobs/view/product-manager-data-at-red-tic-4441486172,PRODUCT MANAGER DATA,,scraped,2026-07-17T11:07:19.689177,
38e9b20dd4299629,https://ci.linkedin.com/jobs/view/credit-controller-global-grade-07-at-barloworld-power-angola-4440214302,Credit Controller Global Grade 07,,scraped,2026-07-17T11:07:33.412963,
06b401d7cbef5620,https://ci.linkedin.com/jobs/view/chauffeur-at-mansa-resources-4441947401,Chauffeur,,scraped,2026-07-17T11:07:42.785212,
39b13eb6497e7b29,https://ci.linkedin.com/jobs/view/payroll-administrative-assistant-at-wave-mobile-money-4413952355,Payroll Administrative Assistant,,scraped,2026-07-17T11:07:49.263254,
b459202838e13717,https://ci.linkedin.com/jobs/view/assistant-marketing-digital-communication-at-el%C3%A9phant-vert-4441220104,ASSISTANT MARKETING DIGITAL & COMMUNICATION,,scraped,2026-07-17T11:07:55.794702,
65ca7d186f3bbe5f,https://ci.linkedin.com/jobs/view/accounts-payable-manager-global-grade-12-at-barloworld-power-angola-4440733177,Accounts Payable Manager Global Grade 12,,scraped,2026-07-17T11:08:05.963234,
ed4c34de1c11cb09,https://ci.linkedin.com/jobs/view/depot-manager-at-gsm-green-sm-4439206743,Depot Manager,,scraped,2026-07-17T11:08:13.064778,
a6d620faf92d85b7,https://ci.linkedin.com/jobs/view/corrective-maintenance-team-leader-at-the-heineken-company-4431840701,Corrective Maintenance Team Leader,The HEINEKEN Company,posted,2026-07-17T11:08:30.121216,332
8664f0e491cb4bf3,https://ci.linkedin.com/jobs/view/digital-product-manager-at-red-tic-4441486029,DIGITAL PRODUCT MANAGER,,scraped,2026-07-17T11:08:32.745302,
0794198961c909ba,https://ci.linkedin.com/jobs/view/adolescent-hiv-aids-specialist-no-3-ft-%23059877-abidjan-cote-d-ivoire-wcar-at-unicef-4441967510,"Adolescent & HIV/AIDS Specialist (NO-3), FT, #059877, Abidjan, Cote d'Ivoire - WCAR",UNICEF,posted,2026-07-17T11:08:47.075377,334
22970950dd974cd9,https://ci.linkedin.com/jobs/view/commercial-power-bouak%C3%A9-at-bia-group-4438793939,Commercial (Power) Bouaké,,scraped,2026-07-17T11:08:49.720628,
e3883e98aa8c8ef2,https://ci.linkedin.com/jobs/view/ing%C3%A9nieur-syst%C3%A8me-r%C3%A9seaux-at-red-tic-4441479276,INGÉNIEUR SYSTÈME RÉSEAUX,,scraped,2026-07-17T11:09:00.429295,
1a470fa72d462d5b,https://ci.linkedin.com/jobs/view/translator-bambara-remote-at-crossing-hurdles-4439406553,Translator (Bambara) | Remote,Crossing Hurdles,posted,2026-07-17T11:09:14.005819,336
c8adcd77da0b7d38,https://ci.linkedin.com/jobs/view/it-business-analyst-at-red-tic-4441475640,IT BUSINESS ANALYST,,scraped,2026-07-17T11:09:16.725821,
1e368d43335138d8,https://ci.linkedin.com/jobs/view/head-of-network-at-mac-venture-capital-4441423835,Head of Network,MaC Venture Capital,posted,2026-07-17T11:09:29.747932,338
79ba5b65ffae9e56,https://ci.linkedin.com/jobs/view/steel-traders-cote-d-ivoire-at-c-d-steel-international-trading-co-limited-4439798240,Steel Traders - Cote d'Ivoire,"C&D Steel International Trading Co., Limited",posted,2026-07-17T11:09:40.147271,340
c4c6d2f1fefad281,https://ci.linkedin.com/jobs/view/category-manager-local-content-%E2%80%93-indirect-spend-at-endeavour-mining-4438413262,Category Manager Local Content – Indirect Spend,,scraped,2026-07-17T11:09:44.813894,
548766f3a31da7fe,https://ci.linkedin.com/jobs/view/data-engineer-python-at-red-tic-4440979504,DATA ENGINEER PYTHON,,scraped,2026-07-17T11:09:52.868128,
76d6be15787c56d3,https://ci.linkedin.com/jobs/view/resources-management-officer-p-at-iom-un-migration-4440521072,Resources Management Officer (P),IOM - UN Migration,posted,2026-07-17T11:10:10.214538,342
dcacc4b3ef3ebfd2,https://ci.linkedin.com/jobs/view/devenez-ambassadeur-de-la-relation-client-r%C3%A9seau-global-fran%C3%A7ais-anglais-%E2%80%94-100%25-t%C3%A9l%C3%A9travail-at-talentpop-app-4438433859,Devenez Ambassadeur de la Relation Client Réseau Global (Français/Anglais) — 100% Télétravail,TalentPop App,posted,2026-07-17T11:10:17.556353,344
9bc300cbbbed3ce1,https://ci.linkedin.com/jobs/view/french-voice-over-artist-remote-at-crossing-hurdles-4439923291,French Voice Over Artist | Remote,Crossing Hurdles,posted,2026-07-17T11:10:24.876279,346
70336e7a076f5d0d,https://ci.linkedin.com/jobs/view/work-from-home-customer-support-%E2%80%93-french-speaking-at-talentpop-app-4438707752,Work-from-Home Customer Support – French Speaking,TalentPop App,posted,2026-07-17T11:10:29.951360,146
09252cfa8f9dc51b,https://ci.linkedin.com/jobs/view/senior-datacenter-at-red-tic-4440970793,SENIOR DATACENTER,,scraped,2026-07-17T11:10:32.568150,
5c19fcc7b5d676a0,https://ci.linkedin.com/jobs/view/ingenieur-d%E2%80%99affaires-it-et-cybersecurite-at-red-tic-4440984047,INGENIEUR D’AFFAIRES IT ET CYBERSECURITE,,scraped,2026-07-17T11:10:39.937745,
54eb1fd797f627fb,https://ci.linkedin.com/jobs/view/key-account-sales-specialist-at-yango-4441155989,Key Account Sales Specialist,Yango,posted,2026-07-17T11:10:52.662701,348
a2715b2739b5d9c2,https://ci.linkedin.com/jobs/view/charge-de-communication-at-mky-formation-sarl-4441433836,CHARGE DE COMMUNICATION,MKY Formation Sarl,posted,2026-07-17T11:11:03.876044,350
6464639b6419508f,https://ci.linkedin.com/jobs/view/expert-senior-ppp-participation-du-secteur-priv%C3%A9-at-ntu-international-a-s-4438467374,Expert Senior PPP / Participation du Secteur Privé,,scraped,2026-07-17T11:11:08.396698,
1b5835ec1dc70062,https://ci.linkedin.com/jobs/view/audio-annotator-french-at-braintrust-4438475046,Audio Annotator - French,Braintrust,posted,2026-07-17T11:11:24.480741,352
7e501ce475fa5153,https://ci.linkedin.com/jobs/view/freelance-auditor-iso-integrated-management-systems-at-scs-global-services-4420148540,"Freelance Auditor, ISO (Integrated Management Systems)",SCS Global Services,posted,2026-07-17T11:11:33.700041,354
9edbfd35505d9ba9,https://ci.linkedin.com/jobs/view/francophone-customer-support-representative-%E2%80%93-remote-at-talentpop-app-4438716078,Francophone Customer Support Representative – Remote,TalentPop App,posted,2026-07-17T11:11:42.413317,148
7e99a8b243938e4e,https://ci.linkedin.com/jobs/view/responsable-s%C3%A9curit%C3%A9-op%C3%A9rationnelle-f-h-at-keolis-group-4438948149,Responsable Sécurité Opérationnelle F/H,,scraped,2026-07-17T11:11:47.084196,
653b386bf0948cde,https://ci.linkedin.com/jobs/view/bilingual-customer-support-specialist-french-english-100%25-remote-at-talentpop-app-4438702765,Bilingual Customer Support Specialist (French/English) - 100% Remote,TalentPop App,posted,2026-07-17T11:11:58.858583,156
ff2bdd98119e8e7a,https://ci.linkedin.com/jobs/view/french%2Benglish-bilingual-customer-service-representative-at-talentpop-app-4438443227,French+English Bilingual Customer Service Representative,TalentPop App,posted,2026-07-17T11:12:07.537452,356
f786b7d9ec8399ac,https://ci.linkedin.com/jobs/view/regional-regulatory-affairs-compliance-specialist-west-africa-fintech-at-optasia-4440674010,"Regional Regulatory Affairs & Compliance Specialist (West Africa), Fintech",,scraped,2026-07-17T11:12:12.135247,
5848e7b9ff7f800d,https://ci.linkedin.com/jobs/view/repr%C3%A9sentant-e-du-service-%C3%A0-la-client%C3%A8le-bilingue-fran%C3%A7ais-anglais-%E2%80%94-t%C3%A9l%C3%A9travail-at-talentpop-app-4439201110,Représentant(e) du Service à la Clientèle Bilingue (Français/Anglais) — Télétravail,TalentPop App,posted,2026-07-17T11:12:24.845040,358
a6b2810c1320986a,https://ci.linkedin.com/jobs/view/work-from-home-customer-support-%E2%80%93-french-speaking-at-talentpop-app-4438435798,Work-from-Home Customer Support – French Speaking,TalentPop App,posted,2026-07-17T11:12:29.370237,146
ad204aca9c2ed714,https://ci.linkedin.com/jobs/view/bilingual-customer-support-specialist-french-english-100%25-remote-at-talentpop-app-4438703784,Bilingual Customer Support Specialist (French/English) - 100% Remote,TalentPop App,posted,2026-07-17T11:12:33.995236,156
a60a0634790ca235,https://ci.linkedin.com/jobs/view/senior-project-manager-at-bluesquare-4441470690,Senior Project Manager,,scraped,2026-07-17T11:12:36.729846,
21bed6bd24a10e7b,https://ci.linkedin.com/jobs/view/directeur-technique-directrice-technique-at-kcr-partners-4440514629,Directeur technique/Directrice technique,KCR Partners,posted,2026-07-17T11:12:50.405786,360
70611982b4324749,https://ci.linkedin.com/jobs/view/social-performance-stagiaire-6-mois-at-endeavour-mining-4437671867,Social Performance Stagiaire - 6 Mois,,scraped,2026-07-17T11:12:53.067118,
921d95d18133cddb,https://ci.linkedin.com/jobs/view/responsable-qualit%C3%A9-site-chantier-activit%C3%A9s-sig-com-at-alstom-4432785655,Responsable Qualité Site (Chantier) Activités SIG & COM,,scraped,2026-07-17T11:13:00.487386,
5151e7d9450b2254,https://ci.linkedin.com/jobs/view/sp%C3%A9cialiste-bilingue-fran%C3%A7ais-anglais-du-support-client-%E2%80%94-voix-et-chat-at-talentpop-app-4438447135,Spécialiste Bilingue (Français/Anglais) du Support Client — Voix et Chat,TalentPop App,posted,2026-07-17T11:13:12.501147,362
3171e353a439c95a,https://ci.linkedin.com/jobs/view/tech-lead-azure-aws-at-red-tic-4441465908,TECH LEAD AZURE AWS,,scraped,2026-07-17T11:13:15.141458,
bd8970193b3bfb8b,https://ci.linkedin.com/jobs/view/french-speaking-customer-support-specialist-at-talentpop-app-4438782949,French-Speaking Customer Support Specialist,TalentPop App,posted,2026-07-17T11:13:26.467871,166
681cfc7c781abcbf,https://ci.linkedin.com/jobs/view/repr%C3%A9sentant-e-du-service-%C3%A0-la-client%C3%A8le-bilingue-fran%C3%A7ais-anglais-%E2%80%94-t%C3%A9l%C3%A9travail-at-talentpop-app-4437659032,Représentant(e) du Service à la Clientèle Bilingue (Français/Anglais) — Télétravail,TalentPop App,posted,2026-07-17T11:13:34.007711,364
e41696c72c9ffbc4,https://ci.linkedin.com/jobs/view/bilingual-customer-support-specialist-french-english-100%25-remote-at-talentpop-app-4438718018,Bilingual Customer Support Specialist (French/English) - 100% Remote,TalentPop App,posted,2026-07-17T11:13:38.907325,156
112ed0dadd4060c3,https://ci.linkedin.com/jobs/view/charg%C3%A9%C2%B7e-de-projet-senior-senior-project-manager-at-colead-link-4440945447,Chargé·e de Projet Senior (Senior Project Manager),,scraped,2026-07-17T11:13:41.651478,
f4582ae7174fe42f,https://ci.linkedin.com/jobs/view/electro-mechanic-at-barry-callebaut-group-4440255119,Electro Mechanic,Barry Callebaut Group,posted,2026-07-17T11:13:57.181360,366
6073815b33e14fff,https://ci.linkedin.com/jobs/view/sp%C3%A9cialiste-bilingue-fran%C3%A7ais-anglais-du-support-client-%E2%80%94-voix-et-chat-at-talentpop-app-4438435794,Spécialiste Bilingue (Français/Anglais) du Support Client — Voix et Chat,TalentPop App,posted,2026-07-17T11:14:04.595194,368
788e041c190ca118,https://ci.linkedin.com/jobs/view/french-speaking-customer-support-specialist-at-talentpop-app-4438795273,French-Speaking Customer Support Specialist,TalentPop App,posted,2026-07-17T11:14:09.270090,166
0a88db07da2dd735,https://ci.linkedin.com/jobs/view/dispatch-supervisor-mj002038-at-sunda-international-4439593170,Dispatch Supervisor (MJ002038),,scraped,2026-07-17T11:14:11.926751,
c1592bd4dc7f93dd,https://ci.linkedin.com/jobs/view/merchant-account-supervisor-at-wave-mobile-money-4440843822,Merchant Account Supervisor,,scraped,2026-07-17T11:14:21.902519,
fb46e82e5117edd6,https://ci.linkedin.com/jobs/view/sp%C3%A9cialiste-bilingue-fran%C3%A7ais-anglais-du-support-client-%E2%80%94-voix-et-chat-at-talentpop-app-4438428909,Spécialiste Bilingue (Français/Anglais) du Support Client — Voix et Chat,TalentPop App,posted,2026-07-17T11:14:34.322526,370
a67298bebd59807a,https://ci.linkedin.com/jobs/view/garde-us-interne-at-g4s-4441902912,GARDE US (INTERNE),G4S,posted,2026-07-17T11:14:45.721480,372
74a95335ce24cdb7,https://ci.linkedin.com/jobs/view/french%2Benglish-bilingual-customer-service-representative-at-talentpop-app-4438442473,French+English Bilingual Customer Service Representative,TalentPop App,posted,2026-07-17T11:14:54.048627,374
aaa8a4a757790193,https://ci.linkedin.com/jobs/view/repr%C3%A9sentant-e-du-service-%C3%A0-la-client%C3%A8le-bilingue-fran%C3%A7ais-anglais-%E2%80%94-t%C3%A9l%C3%A9travail-at-talentpop-app-4439201128,Représentant(e) du Service à la Clientèle Bilingue (Français/Anglais) — Télétravail,TalentPop App,posted,2026-07-17T11:15:02.977182,376
7095522813bd0dd5,https://ci.linkedin.com/jobs/view/french-customer-support-specialist-bilingual-fr-en-non-voice-blended-remote-at-talentpop-app-4438798200,French Customer Support Specialist (Bilingual FR/EN | Non-Voice/Blended | Remote),TalentPop App,posted,2026-07-17T11:15:08.000042,158
3200bde57e14c973,https://ci.linkedin.com/jobs/view/french-bilingual-customer-service-specialist-at-talentpop-app-4438787527,French Bilingual Customer Service Specialist,TalentPop App,posted,2026-07-17T11:15:12.696538,44
b931fd73d0709dd0,https://ci.linkedin.com/jobs/view/electro-mechanic-at-barry-callebaut-group-4441189326,Electro Mechanic,Barry Callebaut Group,scraped,2026-07-17T11:15:19.154323,
e089864b3778f218,https://ci.linkedin.com/jobs/view/chef-de-projet-bilingue-at-concentrix-4371936235,Chef de projet Bilingue,Concentrix,posted,2026-07-17T11:15:28.305658,378
ff6e342771c8eefc,https://ci.linkedin.com/jobs/view/french-customer-support-specialist-bilingual-fr-en-non-voice-blended-remote-at-talentpop-app-4438793311,French Customer Support Specialist (Bilingual FR/EN | Non-Voice/Blended | Remote),TalentPop App,posted,2026-07-17T11:15:33.000787,158
06c975a156b93a11,https://ci.linkedin.com/jobs/view/sp%C3%A9cialiste-bilingue-fran%C3%A7ais-anglais-du-support-client-%E2%80%94-voix-et-chat-at-talentpop-app-4438433827,Spécialiste Bilingue (Français/Anglais) du Support Client — Voix et Chat,TalentPop App,posted,2026-07-17T11:15:41.486686,380
5330524432f50ae8,https://ci.linkedin.com/jobs/view/senior-treasury-sales-officer-at-selego-4441629843,Senior treasury sales officer,,scraped,2026-07-17T11:15:44.147665,
786a144f0f4ddad0,https://ci.linkedin.com/jobs/view/french-customer-support-specialist-bilingual-fr-en-non-voice-blended-remote-at-talentpop-app-4438786807,French Customer Support Specialist (Bilingual FR/EN | Non-Voice/Blended | Remote),TalentPop App,posted,2026-07-17T11:15:52.947410,158
6899417d52e1259e,https://ci.linkedin.com/jobs/view/french-bilingual-customer-service-specialist-at-talentpop-app-4438785820,French Bilingual Customer Service Specialist,TalentPop App,posted,2026-07-17T11:15:57.648361,44
e4f2b7d3da3196e5,https://ci.linkedin.com/jobs/view/expert-conformit%C3%A9-qhse-h-f-at-africa-global-logistics-4438087980,Expert Conformité QHSE H/F,Africa Global Logistics,posted,2026-07-17T11:16:09.808573,382
6707cc7a6bf4de1a,https://ci.linkedin.com/jobs/view/french-customer-support-specialist-bilingual-fr-en-non-voice-blended-remote-at-talentpop-app-4437641847,French Customer Support Specialist (Bilingual FR/EN | Non-Voice/Blended | Remote),TalentPop App,scraped,2026-07-17T11:16:13.719308,
f0a43e6a4e0b817e,https://ci.linkedin.com/jobs/view/french-customer-support-specialist-bilingual-fr-en-non-voice-blended-remote-at-talentpop-app-4437638858,French Customer Support Specialist (Bilingual FR/EN | Non-Voice/Blended | Remote),TalentPop App,scraped,2026-07-17T11:16:17.923223,
bb86e51dbf6c9ff6,https://ci.linkedin.com/jobs/view/french-customer-support-specialist-bilingual-fr-en-non-voice-blended-remote-at-talentpop-app-4437653149,French Customer Support Specialist (Bilingual FR/EN | Non-Voice/Blended | Remote),TalentPop App,posted,2026-07-17T11:16:24.548005,158
826e1af5b322aca7,https://ci.linkedin.com/jobs/view/french-bilingual-customer-service-specialist-at-talentpop-app-4437656123,French Bilingual Customer Service Specialist,TalentPop App,posted,2026-07-17T11:16:31.353052,44
9aed7033bf4e7365,https://ci.linkedin.com/jobs/view/remote-french-bilingual-customer-support-representative-at-talentpop-app-4437655153,Remote French Bilingual Customer Support Representative,TalentPop App,posted,2026-07-17T11:16:38.278666,162
e81b1d5fecade549,https://ci.linkedin.com/jobs/view/repr%C3%A9sentant-e-du-service-%C3%A0-la-client%C3%A8le-bilingue-fran%C3%A7ais-anglais-%E2%80%94-t%C3%A9l%C3%A9travail-at-talentpop-app-4437655078,Représentant(e) du Service à la Clientèle Bilingue (Français/Anglais) — Télétravail,TalentPop App,posted,2026-07-17T11:16:49.022571,384
671df482d0e7d540,https://ci.linkedin.com/jobs/view/repr%C3%A9sentant-e-du-service-%C3%A0-la-client%C3%A8le-bilingue-fran%C3%A7ais-anglais-%E2%80%94-t%C3%A9l%C3%A9travail-at-talentpop-app-4437645709,Représentant(e) du Service à la Clientèle Bilingue (Français/Anglais) — Télétravail,TalentPop App,scraped,2026-07-17T11:16:52.986135,
90e9c8607ffb983d,https://ci.linkedin.com/jobs/view/remote-business-account-rater-french-at-turing-4441196033,Remote Business Account Rater - French,Turing,posted,2026-07-17T11:17:08.993263,386
569dda09a28e580d,https://ci.linkedin.com/jobs/view/analyste-applications-informatiques-ivory-coast-it-application-analyst-at-prysmian-4421361929,Analyste Applications informatiques / Ivory Coast IT Application Analyst,,scraped,2026-07-17T11:17:11.634559,
9337b21178705b38,https://ci.linkedin.com/jobs/view/sales-manager-bess-at-risen-energy-4439198343,Sales Manager(BESS),,scraped,2026-07-17T11:17:21.008827,
0d37c68b575d12c6,https://ci.linkedin.com/jobs/view/cfa-oim-ci-07-2026-01-consultant-e-b-appui-%C3%A0-la-mise-en-%C5%93uvre-d%E2%80%99activit%C3%A9s-d%E2%80%99ing%C3%A9nierie-sociale-aupr%C3%A8s-des-communaut%C3%A9s-et-usagers-des-infrastructures-r%C3%A9alis%C3%A9es-ou-appuy%C3%A9es-par-l%E2%80%99oim-at-iom-un-migration-4440992351,CFA-OIM-CI-07-2026_01 Consultant(e) B - Appui à la mise en œuvre d’activités d’ingénierie sociale auprès des communautés et usagers des infrastructures réalisées ou appuyées par l’OIM,IOM - UN Migration,posted,2026-07-17T11:17:40.416219,388
54f10993aef215fb,https://ci.linkedin.com/jobs/view/expert-senior-code-de-l%E2%80%99%C3%A9lectricit%C3%A9-r%C3%A9daction-r%C3%A9glementaire-at-ntu-international-a-s-4441487019,Expert Senior Code de l’Électricité / Rédaction Réglementaire,,scraped,2026-07-17T11:17:44.948525,
ca500db9f400d51a,https://ci.linkedin.com/jobs/view/agent-quality-officer-at-wave-mobile-money-4433258178,Agent Quality Officer,,scraped,2026-07-19T10:18:13.379589,
befef4cb0ec95ec7,https://ci.linkedin.com/jobs/view/pentester-ad-infra-x-n-app-api-mobile-at-cost-solutions-cyberd%C3%A9fense-africa-4440580013,Pentester AD / Infra (x N) - App / API / Mobile,Cost Solutions Cyberdéfense Africa,posted,2026-07-19T10:18:31.652717,390
a1a6ed0bda8419a0,https://ci.linkedin.com/jobs/view/energy-manager-at-barry-callebaut-group-4440768696,Energy Manager,Barry Callebaut Group,posted,2026-07-19T10:18:44.852717,392
9410ec5c7bb42a8d,https://ci.linkedin.com/jobs/view/opticien-at-advance-vision-4441953652,Opticien,Advance Vision,posted,2026-07-19T10:18:54.657399,394
81a8cb78da0599ab,https://ci.linkedin.com/jobs/view/automaticiens-at-solibra-ci-4441724269,AUTOMATICIENS,,scraped,2026-07-19T10:18:57.266165,
bf340ee06e387506,https://ci.linkedin.com/jobs/view/developpeur-web-reactjs-it-at-red-tic-4439729414,DEVELOPPEUR WEB REACTJS (IT),,scraped,2026-07-19T10:19:03.602038,
23f05178e0c202d2,https://ci.linkedin.com/jobs/view/head-of-network-at-luo-4439792252,Head of Network,,scraped,2026-07-19T10:19:11.470327,
185b36249ec594e0,https://ci.linkedin.com/jobs/view/g%C3%A9rant-analyste-h-f-at-bmce-capital-4440973906,Gérant Analyste H/F,BMCE Capital,posted,2026-07-19T10:20:03.796630,396
451178f25012ec5a,https://ci.linkedin.com/jobs/view/charg%C3%A9-de-client%C3%A8le-bilingue-anglais-fran%C3%A7ais-100%25-t%C3%A9l%C3%A9travail-at-talentpop-app-4438701781,Chargé de Clientèle Bilingue (Anglais/Français) - 100% Télétravail,TalentPop App,posted,2026-07-19T10:20:12.704010,398
2d178963526170f8,https://ci.linkedin.com/jobs/view/instrumentistes-at-solibra-ci-4441708776,INSTRUMENTISTES,,scraped,2026-07-19T10:20:15.309347,
c6e5cfebbdbe4d82,https://ci.linkedin.com/jobs/view/full-stack-software-developer-at-red-tic-4440977515,FULL STACK SOFTWARE DEVELOPER,,scraped,2026-07-19T10:20:25.671054,
4b902deca55c1725,https://ci.linkedin.com/jobs/view/charge-e-s-d%E2%80%99etudes-structure-ing%C3%A9nieur-g%C3%A9nie-civil-abidjan-c%C3%B4te-d-ivoire-at-luseo-4438430862,"CHARGE(E)S D’ETUDES STRUCTURE (Ingénieur Génie Civil) Abidjan, CÔTE D'IVOIRE",,scraped,2026-07-19T10:20:35.374458,
3579b5a16ea8de08,https://ci.linkedin.com/jobs/view/senior-network-engineer-at-webb-fontaine-4441197730,Senior Network Engineer,,scraped,2026-07-19T10:20:42.308288,
10f704db4a1715b2,https://ci.linkedin.com/jobs/view/senior-crm-account-manager-at-digitalpharmasummit-4442511030,(Senior) CRM Account Manager,,scraped,2026-07-19T10:20:54.791845,
955edd1d6e9a72ba,https://ci.linkedin.com/jobs/view/vn-ci-03-2026-1-charg%C3%A9-e-national-e-de-programme-no-a-at-iom-un-migration-4442156704,VN-CI-03-2026_1 Chargé(e) National(e) de Programme (NO-A),IOM - UN Migration,posted,2026-07-19T10:21:21.833360,400
9088d2646d85c1eb,https://ci.linkedin.com/jobs/view/responsable-mat%C3%A9riel-f-h-at-soletanche-bachy-4442143278,Responsable matériel F/H,,scraped,2026-07-19T10:21:24.438403,
413192758d92bfc9,https://ci.linkedin.com/jobs/view/work-from-home-customer-support-%E2%80%93-french-speaking-at-talentpop-app-4438448111,Work-from-Home Customer Support – French Speaking,TalentPop App,posted,2026-07-19T10:21:33.456386,146
aab63ea629c36c3d,https://ci.linkedin.com/jobs/view/responsable-qhse-pays-f-h-f-h-at-vinci-construction-4442146235,Responsable QHSE Pays F/H F/H,VINCI Construction,posted,2026-07-19T10:22:19.449022,402
76fe0c821cdcbc56,https://ci.linkedin.com/jobs/view/responsable-qhse-pays-f-h-f-h-at-vinci-4441991778,Responsable QHSE Pays F/H F/H,,scraped,2026-07-19T10:22:28.099479,
428ce1803dcaf4da,https://ci.linkedin.com/jobs/view/sr-manager-visa-government-solutions-west-central-africa-at-visa-4440964381,"Sr. Manager, Visa Government Solutions, West & Central Africa",Visa,posted,2026-07-19T10:22:41.466628,404
e6d6d7005271f082,https://ci.linkedin.com/jobs/view/work-from-home-customer-support-%E2%80%93-french-speaking-at-talentpop-app-4438448109,Work-from-Home Customer Support – French Speaking,TalentPop App,posted,2026-07-19T10:22:50.218401,146
e9217861ffd9da7c,https://ci.linkedin.com/jobs/view/bilingual-customer-support-specialist-french-english-100%25-remote-at-talentpop-app-4438715088,Bilingual Customer Support Specialist (French/English) - 100% Remote,TalentPop App,posted,2026-07-19T10:22:54.790447,156
9dd1ccd5ae697754,https://ci.linkedin.com/jobs/view/category-manager-%E2%80%93-direct-production-services-at-endeavour-mining-4438002101,Category Manager – Direct Production Services,,scraped,2026-07-19T10:22:57.411831,
d556e0fdf21b49d8,https://ci.linkedin.com/jobs/view/repr%C3%A9sentant-e-du-service-%C3%A0-la-client%C3%A8le-bilingue-fran%C3%A7ais-anglais-%E2%80%94-t%C3%A9l%C3%A9travail-at-talentpop-app-4439609698,Représentant(e) du Service à la Clientèle Bilingue (Français/Anglais) — Télétravail,TalentPop App,posted,2026-07-19T10:23:11.361762,406
279d99b8905ab0c1,https://ci.linkedin.com/jobs/view/french-bilingual-customer-service-specialist-at-talentpop-app-4439627183,French Bilingual Customer Service Specialist,TalentPop App,posted,2026-07-19T10:23:15.952862,44
6e45e258bc66b87d,https://ci.linkedin.com/jobs/view/virtual-customer-support-agent-french-english-%E2%80%93-100%25-remote-at-talentpop-app-4438700837,Virtual Customer Support Agent (French/English) – 100% Remote,TalentPop App,posted,2026-07-19T10:23:20.664578,168
b85555f947533440,https://ci.linkedin.com/jobs/view/virtual-customer-support-agent-french-english-%E2%80%93-100%25-remote-at-talentpop-app-4438433819,Virtual Customer Support Agent (French/English) – 100% Remote,TalentPop App,scraped,2026-07-19T10:23:24.800184,
021134b9562a8993,https://ci.linkedin.com/jobs/view/agent-operations-regional-lead-at-wave-mobile-money-4422446155,Agent Operations Regional Lead,,scraped,2026-07-19T10:23:27.431089,
6765e6438f0d3597,https://ci.linkedin.com/jobs/view/french-speaking-customer-support-specialist-at-talentpop-app-4439625302,French-Speaking Customer Support Specialist,TalentPop App,posted,2026-07-19T10:23:37.946443,166
7947a4d14eede3a9,https://ci.linkedin.com/jobs/view/senior-system-cloud-engineer-at-webb-fontaine-4441183962,Senior System/Cloud Engineer,,scraped,2026-07-19T10:23:44.601514,
5137f93c9e465eed,https://ci.linkedin.com/jobs/view/repr%C3%A9sentant-e-du-service-%C3%A0-la-client%C3%A8le-bilingue-fran%C3%A7ais-anglais-%E2%80%94-t%C3%A9l%C3%A9travail-at-talentpop-app-4439629020,Représentant(e) du Service à la Clientèle Bilingue (Français/Anglais) — Télétravail,TalentPop App,posted,2026-07-19T10:23:57.053923,408
5897c12bcf4d9f88,https://ci.linkedin.com/jobs/view/apporteurs-d%E2%80%99affaires-freelance-save-atlas-at-wagsystems-ci-4442467590,APPORTEURS D’AFFAIRES FREELANCE - SAVE ATLAS,,scraped,2026-07-19T10:23:59.749631,
ddc4c7f725ed48d7,https://ci.linkedin.com/jobs/view/bilingual-customer-support-specialist-french-english-100%25-remote-at-talentpop-app-4439616520,Bilingual Customer Support Specialist (French/English) - 100% Remote,TalentPop App,posted,2026-07-19T10:24:10.450543,156
c6437de86fbbb632,https://ci.linkedin.com/jobs/view/legal-director-at-gsm-green-sm-4438496328,Legal Director,,scraped,2026-07-19T10:24:13.069817,
7aadb3b4a4f8122f,https://ci.linkedin.com/jobs/view/french-speaking-customer-support-specialist-at-talentpop-app-4438799186,French-Speaking Customer Support Specialist,TalentPop App,posted,2026-07-19T10:24:25.749104,166
d09b68462893786d,https://ci.linkedin.com/jobs/view/mine-manager-at-endeavour-mining-4439232762,Mine Manager,,scraped,2026-07-19T10:24:28.192864,
abe4c1584b951fa4,https://ci.linkedin.com/jobs/view/bilingual-customer-support-specialist-french-english-100%25-remote-at-talentpop-app-4439626225,Bilingual Customer Support Specialist (French/English) - 100% Remote,TalentPop App,posted,2026-07-19T10:24:47.713007,156
93de3610ffe1cc1a,https://ci.linkedin.com/jobs/view/french-customer-support-specialist-bilingual-fr-en-non-voice-blended-remote-at-talentpop-app-4439624318,French Customer Support Specialist (Bilingual FR/EN | Non-Voice/Blended | Remote),TalentPop App,posted,2026-07-19T10:24:52.227567,158
b0e872c0dab5a6eb,https://ci.linkedin.com/jobs/view/ing%C3%A9nieur-devops-at-red-tic-4441476447,INGÉNIEUR DEVOPS,,scraped,2026-07-19T10:24:54.861677,
9a91e97da18c3d50,https://ci.linkedin.com/jobs/view/tunnel-manager-afrique-f-h-f-h-at-vinci-4442104372,Tunnel Manager - Afrique F/H F/H,,scraped,2026-07-19T10:25:04.651438,
a2dda3154eadf62e,https://ci.linkedin.com/jobs/view/rejoignez-l-%C3%A9lite-du-support-client-bilingue-fran%C3%A7ais-anglais-%E2%80%93-100-%25-t%C3%A9l%C3%A9travail-%21-at-talentpop-app-4437642814,Rejoignez l'élite du support client bilingue (Français/Anglais) – 100 % Télétravail !,TalentPop App,posted,2026-07-19T10:25:20.980106,410
4b963f075e6e8825,https://ci.linkedin.com/jobs/view/bambara-language-specialist-remote-at-crossing-hurdles-4439406557,Bambara Language Specialist | Remote,Crossing Hurdles,posted,2026-07-19T10:25:32.463597,412
4ffce2b46d892ab6,https://ci.linkedin.com/jobs/view/programme-de-formation-%E2%80%93-wagcompta-database-wagsystems-at-wagsystems-ci-4442140812,PROGRAMME DE FORMATION – WAGCOMPTA DATABASE | WAGSystems,,scraped,2026-07-19T10:25:35.095303,
3fd02379f2bb02cf,https://ci.linkedin.com/jobs/view/french-bilingual-customer-service-specialist-at-talentpop-app-4439622356,French Bilingual Customer Service Specialist,TalentPop App,posted,2026-07-19T10:25:43.345641,44
c461c053abfda9f7,https://ci.linkedin.com/jobs/view/regional-sales-manager-at-palo-alto-networks-4410159789,Regional Sales Manager,Palo Alto Networks,posted,2026-07-19T10:25:51.703440,414
28893e867a304afe,https://ci.linkedin.com/jobs/view/sbae-technical-consultant-at-agricorps-4441605395,SBAE Technical Consultant,AgriCorps,posted,2026-07-19T10:26:14.590700,416
01d36f24c79010dc,https://ci.linkedin.com/jobs/view/audio-annotation-trainer-french-remote-at-crossing-hurdles-4439905903,Audio Annotation Trainer -French | Remote,Crossing Hurdles,posted,2026-07-19T10:26:22.024263,418
b4e42ca82b269488,https://ci.linkedin.com/jobs/view/bar-manager-h-f-at-sofitel-4441309035,BAR MANAGER H/F,,scraped,2026-07-19T10:26:32.635648,
5b2b9fcc7c625938,https://ci.linkedin.com/jobs/view/expert-senior-juridique-et-r%C3%A9glementaire-du-secteur-de-l%E2%80%99%C3%A9nergie-at-ntu-international-a-s-4440947893,Expert Senior Juridique et Réglementaire du Secteur de l’Énergie,,scraped,2026-07-19T10:26:39.684766,
dd247b788aa25bf4,https://ci.linkedin.com/jobs/view/expert-r%C3%A9seaux-%C3%A9lectriques-at-ntu-international-a-s-4439792191,Expert Réseaux Électriques,,scraped,2026-07-19T10:26:50.830464,
1dca0f4b80424ef2,https://ci.linkedin.com/jobs/view/consultant-support-fonctionnel-sap-fi-co-at-amaris-consulting-4432815427,Consultant Support Fonctionnel SAP FI/CO,,scraped,2026-07-19T10:26:58.226268,
c3ebc76c6c8a2bf6,https://ci.linkedin.com/jobs/view/training-officer-at-saipem-4442797924,Training Officer,,scraped,2026-07-21T11:31:40.824507,
1c7e2da47be0c370,https://ci.linkedin.com/jobs/view/payment-inventory-dispatch-officer-at-wave-gambia-4442081411,Payment Inventory & Dispatch Officer,Wave Gambia,posted,2026-07-21T11:31:57.986198,420
acea5938b9172143,https://ci.linkedin.com/jobs/view/motorman-at-saipem-4442733564,Motorman,,scraped,2026-07-21T11:32:00.639556,
2c5d4155c0b67d4b,https://ci.linkedin.com/jobs/view/office-manager-at-wave-gambia-4442072884,Office Manager,Wave Gambia,posted,2026-07-21T11:32:14.592623,422
ae42dacfd67d67b9,https://ci.linkedin.com/jobs/view/office-manager-at-wave-mobile-money-4442596390,Office Manager,,scraped,2026-07-21T11:32:17.296194,
7743279dd6f07d99,https://ci.linkedin.com/jobs/view/consultant-experiemented-at-katsu-sas-4441773948,Consultant (Experiemented),,scraped,2026-07-21T11:32:24.302781,
47a7e3dd65099e5f,https://ci.linkedin.com/jobs/view/group-head-of-sales-academy-at-promasidor-4442594061,Group Head of Sales Academy,,scraped,2026-07-21T11:32:35.280294,
9607bfa377ab3717,https://ci.linkedin.com/jobs/view/francophone-customer-support-representative-%E2%80%93-remote-at-talentpop-app-4438497858,Francophone Customer Support Representative – Remote,TalentPop App,posted,2026-07-21T11:32:51.864197,148
69468d5ed8f1082f,https://ci.linkedin.com/jobs/view/a-i-trainer-at-odixcity-consulting-4443083815,A.I Trainer,Odixcity Consulting,posted,2026-07-21T11:32:59.567427,424
324f6450c2f867fe,https://ci.linkedin.com/jobs/view/%F0%9D%90%80%F0%9D%90%AC%F0%9D%90%AC%F0%9D%90%A2%F0%9D%90%AC%F0%9D%90%AD%F0%9D%90%9A%F0%9D%90%A7%F0%9D%90%AD-%F0%9D%90%9E-%F0%9D%90%93%F0%9D%90%9E%F0%9D%90%9C%F0%9D%90%A1%F0%9D%90%A7%F0%9D%90%A2%F0%9D%90%AA%F0%9D%90%AE%F0%9D%90%9E-at-ay-solutions-academy-4442764258,𝐀𝐬𝐬𝐢𝐬𝐭𝐚𝐧𝐭(𝐞) 𝐓𝐞𝐜𝐡𝐧𝐢𝐪𝐮𝐞,,scraped,2026-07-21T11:33:04.279503,
0029103b46adc0ea,https://ci.linkedin.com/jobs/view/administration-finance-accountant-at-kt-kinetics-technology-4440447343,Administration & Finance Accountant,,scraped,2026-07-21T11:33:13.978802,
4afd3e63a62fa9ec,https://ci.linkedin.com/jobs/view/bilingual-customer-support-specialist-french-english-100%25-remote-at-talentpop-app-4439611716,Bilingual Customer Support Specialist (French/English) - 100% Remote,TalentPop App,posted,2026-07-21T11:33:26.405007,156
abe3597fca3c6a20,https://ci.linkedin.com/jobs/view/language-specialist-annotator-at-odixcity-consulting-4442738302,Language  Specialist Annotator,Odixcity Consulting,posted,2026-07-21T11:33:36.176787,426
4b876b8510e687fc,https://ci.linkedin.com/jobs/view/business-development-manager-industry-at-dahua-technology-co-ltd-4430888550,Business development Manager (Industry),,scraped,2026-07-21T11:33:38.937325,
df04ea67b6ec13f7,https://ci.linkedin.com/jobs/view/repr%C3%A9sentant-e-du-service-%C3%A0-la-client%C3%A8le-bilingue-fran%C3%A7ais-anglais-%E2%80%94-t%C3%A9l%C3%A9travail-at-talentpop-app-4438799172,Représentant(e) du Service à la Clientèle Bilingue (Français/Anglais) — Télétravail,TalentPop App,posted,2026-07-21T11:33:51.909602,428
a8062d16273b247a,https://ci.linkedin.com/jobs/view/coordinateur-d-arr%C3%AAt-h-f-at-ortec-group-4385561289,Coordinateur d'arrêt H/F,,scraped,2026-07-21T11:34:00.650536,
2424925e6658bc18,https://ci.linkedin.com/jobs/view/language-teacher-remote-at-crossing-hurdles-4442075675,Language Teacher | Remote,Crossing Hurdles,posted,2026-07-21T11:34:11.171762,256
7c55e1c797f18282,https://ci.linkedin.com/jobs/view/mechanical-technician-at-saipem-4442745118,Mechanical Technician,,scraped,2026-07-21T11:34:15.861218,
44aa67f62870f44a,https://ci.linkedin.com/jobs/view/web-content-analyst-annotator-at-odixcity-consulting-4442729643,Web content analyst annotator,Odixcity Consulting,posted,2026-07-21T11:34:29.145690,430
8fa58c5f25361093,https://ci.linkedin.com/jobs/view/virtual-customer-support-agent-french-english-%E2%80%93-100%25-remote-at-talentpop-app-4438444209,Virtual Customer Support Agent (French/English) – 100% Remote,TalentPop App,posted,2026-07-21T11:34:33.945252,168
d0ab89b441272ce9,https://ci.linkedin.com/jobs/view/senior-service-desk-engineer-at-webb-fontaine-4441304245,Senior Service Desk Engineer,,scraped,2026-07-21T11:34:36.631350,
ad4ce8cf84ab1951,https://ci.linkedin.com/jobs/view/trust-and-safety-analyst-at-odixcity-consulting-4443082861,Trust and Safety Analyst,Odixcity Consulting,posted,2026-07-21T11:34:51.338810,432
311d285530292ac9,https://ci.linkedin.com/jobs/view/superviseur-de-l-audit-de-conformit%C3%A9-mj002078-at-sunda-international-4442596455,Superviseur de l'Audit de Conformité (MJ002078),,scraped,2026-07-21T11:34:54.000986,
a8db6371155f87a3,https://ci.linkedin.com/jobs/view/consulting-senior-manager-at-visa-4406150161,Consulting Senior Manager,Visa,posted,2026-07-21T11:35:10.716605,434
76c759a03fc52217,https://ci.linkedin.com/jobs/view/regional-it-manager-at-wave-mobile-money-4434467032,Regional IT Manager,,scraped,2026-07-21T11:35:13.571436,
fb3cd4bba199afdd,https://ci.linkedin.com/jobs/view/francophone-customer-support-representative-%E2%80%93-remote-at-talentpop-app-4439618444,Francophone Customer Support Representative – Remote,TalentPop App,posted,2026-07-21T11:35:22.409583,148
5cd2120702879cae,https://ci.linkedin.com/jobs/view/remote-french-bilingual-customer-support-representative-at-talentpop-app-4440147247,Remote French Bilingual Customer Support Representative,TalentPop App,posted,2026-07-21T11:35:29.301742,162
2a98fea4822fff35,https://ci.linkedin.com/jobs/view/account-manager-remittance-fintech-at-ecobank-transnational-incorporated-4441352413,Account Manager - Remittance & Fintech,,scraped,2026-07-21T11:35:31.936445,
f202a7b18ef2c2ad,https://ci.linkedin.com/jobs/view/virtual-customer-support-agent-french-english-%E2%80%93-100%25-remote-at-talentpop-app-4438438689,Virtual Customer Support Agent (French/English) – 100% Remote,TalentPop App,scraped,2026-07-21T11:35:44.538883,
3a1637dcf619c005,https://ci.linkedin.com/jobs/view/francophone-customer-support-representative-%E2%80%93-remote-at-talentpop-app-4439615555,Francophone Customer Support Representative – Remote,TalentPop App,posted,2026-07-21T11:35:49.529935,148
b67267dd981cdfe0,https://ci.linkedin.com/jobs/view/french%2Benglish-bilingual-customer-service-representative-at-talentpop-app-4438434843,French+English Bilingual Customer Service Representative,TalentPop App,posted,2026-07-21T11:35:58.674454,436
075777d1d6435997,https://ci.linkedin.com/jobs/view/francophone-customer-support-representative-%E2%80%93-remote-at-talentpop-app-4439615531,Francophone Customer Support Representative – Remote,TalentPop App,posted,2026-07-21T11:36:03.541592,148
801be31886b10c99,https://ci.linkedin.com/jobs/view/backend-engineer-annotator-at-odixcity-consulting-4442727689,Backend Engineer Annotator,Odixcity Consulting,posted,2026-07-21T11:36:12.199063,438
607df4509c72762e,https://ci.linkedin.com/jobs/view/french-customer-support-specialist-bilingual-fr-en-non-voice-blended-remote-at-talentpop-app-4439620434,French Customer Support Specialist (Bilingual FR/EN | Non-Voice/Blended | Remote),TalentPop App,posted,2026-07-21T11:36:17.106509,158
6bd15f6e6e986bf9,https://ci.linkedin.com/jobs/view/assistant-polyvalent-f-h-4443332214,Assistant polyvalent (F/H),SANIFERS,posted,2026-07-21T11:36:24.885320,440
c626cf28ab2e827b,https://ci.linkedin.com/jobs/view/virtual-customer-support-agent-french-english-%E2%80%93-100%25-remote-at-talentpop-app-4438444216,Virtual Customer Support Agent (French/English) – 100% Remote,TalentPop App,posted,2026-07-21T11:36:30.299309,168
b6fa6425f222c399,https://ci.linkedin.com/jobs/view/database-quality-control-coordinator-at-endeavour-mining-4438726030,Database & Quality Control Coordinator,,scraped,2026-07-21T11:36:35.028831,
4e687df6fb14e76c,https://ci.linkedin.com/jobs/view/french-bilingual-customer-service-specialist-at-talentpop-app-4439625306,French Bilingual Customer Service Specialist,TalentPop App,posted,2026-07-21T11:36:47.225665,44
2c5479957b6e0cdb,https://ci.linkedin.com/jobs/view/remote-french-bilingual-customer-support-representative-at-talentpop-app-4440131695,Remote French Bilingual Customer Support Representative,TalentPop App,posted,2026-07-21T11:36:54.068928,162
12e4a379785170d1,https://ci.linkedin.com/jobs/view/c%C3%B4te-d%E2%80%99ivoire-at-orange-corners-sudan-4443398889,Côte d’Ivoire,,scraped,2026-07-23T12:02:27.581465,
207f56d68b0fd63c,https://ci.linkedin.com/jobs/view/commercial-e-yamoussoukro-2-c%C3%B4te-d-ivoire-at-lapaire-4442797152,"Commercial (e)  - Yamoussoukro 2, Côte d'Ivoire",,scraped,2026-07-23T12:02:34.793237,
c6d1588b172b01d3,https://ci.linkedin.com/jobs/view/commercial-e-toumodi-c%C3%B4te-d-ivoire-at-lapaire-4442794321,"Commercial (e)  - Toumodi, Côte d'Ivoire",,scraped,2026-07-23T12:02:42.879264,
fd3c84b99e123e39,https://ci.linkedin.com/jobs/view/responsable-d-agence-yamoussoukro-2-c%C3%B4te-d-ivoire-at-lapaire-4442782694,"Responsable d'Agence - Yamoussoukro 2, Côte d'Ivoire",,scraped,2026-07-23T12:02:49.597490,
a150972f0ca72301,https://ci.linkedin.com/jobs/view/talent-officer-at-djamo-4443396863,Talent Officer,,scraped,2026-07-23T12:02:56.298834,
fb0f7087457f0083,https://ci.linkedin.com/jobs/view/data-engineer-stage-pr%C3%A9-embauche-abidjan-at-datakori-4440103392,Data Engineer: Stage Pré-embauche (Abidjan),,scraped,2026-07-23T12:03:02.868720,
865b35f92accbdf9,https://ci.linkedin.com/jobs/view/marketing-communication-assistant-at-katsu-sas-4441782437,Marketing & Communication assistant,,scraped,2026-07-23T12:03:09.694319,
2173b732d3de89bf,https://ci.linkedin.com/jobs/view/responsable-d-agence-toumodi-c%C3%B4te-d-ivoire-at-lapaire-4442796208,"Responsable d'Agence - Toumodi, Côte d'Ivoire",,scraped,2026-07-23T12:03:15.968772,
b64f180f3c5e07ec,https://ci.linkedin.com/jobs/view/canal%2B-c%C3%B4te-d-ivoire-c%C3%A9r%C3%A9monie-de-remise-de-m%C3%A9dailles-d-honneur-du-travail-%C3%A0-27-employ%C3%A9s-at-marie-jos%C3%A9-assouhan-4444443003,CANAL+ Côte d'Ivoire : cérémonie de remise de médailles d'honneur du travail à 27 employés.,,scraped,2026-07-23T12:03:22.978037,
8fc620dce308760a,https://ci.linkedin.com/jobs/view/agent-e-technique-polyvalent-e-at-communaut%C3%A9-de-communes-dieulefit-bourdeaux-4441393608,Agent.e technique Polyvalent.e,,scraped,2026-07-23T12:03:31.615773,
70b42b430bed0bcb,https://ci.linkedin.com/jobs/view/tpm-trainee-at-the-heineken-company-4440773290,TPM Trainee,The HEINEKEN Company,posted,2026-07-23T12:03:56.127711,442
4564421243ef29bb,https://ci.linkedin.com/jobs/view/b2b-sales-representative-at-bestsuppliers-com-4442722940,B2B Sales Representative,,scraped,2026-07-23T12:03:58.714533,
a6f0b73755f63405,https://ci.linkedin.com/jobs/view/exposition-universelle-2025-accompagnement-la-participation-ivoirienne-at-marie-jos%C3%A9-assouhan-4444430345,Exposition Universelle 2025 : accompagnement la participation ivoirienne,,scraped,2026-07-23T12:04:06.709791,
8eabfafeb72d0423,https://ci.linkedin.com/jobs/view/adolescent-hiv-aids-specialist-no-3-ft-%23059877-abidjan-cote-d-ivoire-wcar-at-unicef-chad-4439258493,"Adolescent & HIV/AIDS Specialist (NO-3), FT, #059877, Abidjan, Cote d'Ivoire - WCAR",Unicef CHAD,posted,2026-07-23T12:04:23.277314,444
719e0b11fc112e7c,https://ci.linkedin.com/jobs/view/payment-inventory-dispatch-officer-at-wave-mobile-money-4442590528,Payment Inventory & Dispatch Officer,,scraped,2026-07-23T12:04:26.013769,
2b582fd0bfad0fff,https://ci.linkedin.com/jobs/view/b2b-sales-assistant-at-wiassur-4443702221,Assistant Commercial B2B,,scraped,2026-07-23T12:04:32.850224,
29b528aa2a5245c3,https://ci.linkedin.com/jobs/view/un-1-responsable-achats-h-f-at-agiloya-afrique-4444243986,UN (1) RESPONSABLE ACHATS - H/F,,scraped,2026-07-23T12:04:56.035195,
00dc2d2c97957d5e,https://ci.linkedin.com/jobs/view/charg%C3%A9-de-l%E2%80%99experience-collaborateur-culture-interne-%E2%80%93-f-h-at-soci%C3%A9t%C3%A9-g%C3%A9n%C3%A9rale-c%C3%B4te-d-ivoire-4441995191,CHARGÉ DE L’EXPERIENCE COLLABORATEUR & CULTURE INTERNE – F/H,,scraped,2026-07-23T12:05:08.557715,
0e88a025b44950fd,https://ci.linkedin.com/jobs/view/superviseur-rh-%E2%80%93-gestion-des-performances-kpi-mj001876-at-sunda-international-4443104948,Superviseur RH – Gestion des Performances & KPI (MJ001876),森大国际,posted,2026-07-23T12:05:37.276958,446
e2bce7dfa07f8ccb,https://ci.linkedin.com/jobs/view/repr%C3%A9sentant-e-du-service-%C3%A0-la-client%C3%A8le-bilingue-fran%C3%A7ais-anglais-%E2%80%94-t%C3%A9l%C3%A9travail-at-talentpop-app-4441085830,Représentant(e) du Service à la Clientèle Bilingue (Français/Anglais) — Télétravail,TalentPop App,posted,2026-07-23T12:05:49.445010,448
596d767aa6b76f28,https://ci.linkedin.com/jobs/view/french-customer-support-specialist-bilingual-fr-en-non-voice-blended-remote-at-talentpop-app-4442989433,French Customer Support Specialist (Bilingual FR/EN | Non-Voice/Blended | Remote),TalentPop App,posted,2026-07-23T12:05:54.461612,158
23f593d156f0db44,https://ci.linkedin.com/jobs/view/port-call-execution-associate-at-a-p-moller-maersk-4441602735,Port Call Execution Associate,,scraped,2026-07-23T12:05:57.143178,
a8b235a6e775f608,https://ci.linkedin.com/jobs/view/technicien-ing%C3%A9nieur-de-production-menuiserie-industrielle-at-fabrique-ivorienne-de-parquet-fip-4443958183,Technicien / Ingénieur de Production Menuiserie Industrielle,Fabrique Ivorienne De Parquet (FIP),posted,2026-07-23T12:06:11.374350,450
b1f33ac77d3e1a4b,https://ci.linkedin.com/jobs/view/french%2Benglish-bilingual-customer-service-representative-at-talentpop-app-4442987513,French+English Bilingual Customer Service Representative,TalentPop App,posted,2026-07-23T12:06:19.180503,452
2a948e2bca069777,https://ci.linkedin.com/jobs/view/french-bilingual-customer-service-specialist-at-talentpop-app-4442988505,French Bilingual Customer Service Specialist,TalentPop App,posted,2026-07-23T12:06:26.183412,44
29031c6596931f41,https://ci.linkedin.com/jobs/view/business-developer-b2b-partenariats-h-f-at-ideal%E2%80%99optic-c%C3%B4te-d%E2%80%99ivoire-4441003236,Business Developer B2B & Partenariats (H/F),Ideal’Optic Côte d’Ivoire,posted,2026-07-23T12:06:44.487054,454
0bd65963d212fe16,https://ci.linkedin.com/jobs/view/french%2Benglish-bilingual-customer-service-representative-at-talentpop-app-4442984659,French+English Bilingual Customer Service Representative,TalentPop App,posted,2026-07-23T12:06:52.577667,456
672c90c251908fb9,https://ci.linkedin.com/jobs/view/directeur-des-%C3%A9tudes-h-f-at-mky-formation-sarl-4442624325,DIRECTEUR DES ÉTUDES (H/F),MKY Formation Sarl,posted,2026-07-23T12:07:03.480877,458
39bba247c66d2bae,https://ci.linkedin.com/jobs/view/lancement-de-300-logements-accessibles-pour-les-professionnels-des-m%C3%A9dias-at-marie-jos%C3%A9-assouhan-4444440081,Lancement de 300 logements accessibles pour les professionnels des médias.,,scraped,2026-07-23T12:07:06.113522,
97f42984b469ee12,https://ci.linkedin.com/jobs/view/auditeur-senior-f-h-at-soci%C3%A9t%C3%A9-g%C3%A9n%C3%A9rale-c%C3%B4te-d-ivoire-4442108288,AUDITEUR SENIOR - F/H,,scraped,2026-07-23T12:07:12.937971,
ba8b31780941f1af,https://ci.linkedin.com/jobs/view/sp%C3%A9cialiste-bilingue-fran%C3%A7ais-anglais-du-support-client-%E2%80%94-voix-et-chat-at-talentpop-app-4442983643,Spécialiste Bilingue (Français/Anglais) du Support Client — Voix et Chat,TalentPop App,posted,2026-07-23T12:07:26.235436,460
ff0be87f23ba7e73,https://ci.linkedin.com/jobs/view/canal%2B-lancement-de-la-nouvelle-offre-tout-canal%2B-avec-netflix-inclus-at-marie-jos%C3%A9-assouhan-4444432329,CANAL+ : Lancement de la nouvelle offre TOUT CANAL+ avec Netflix inclus.,,scraped,2026-07-23T12:07:28.987596,
541f6362c478e6e0,https://ci.linkedin.com/jobs/view/french-customer-support-specialist-bilingual-fr-en-non-voice-blended-remote-at-talentpop-app-4442976940,French Customer Support Specialist (Bilingual FR/EN | Non-Voice/Blended | Remote),TalentPop App,posted,2026-07-23T12:07:37.879624,158
8cc9ed13e62e36f7,https://ci.linkedin.com/jobs/view/french-customer-support-specialist-bilingual-fr-en-non-voice-blended-remote-at-talentpop-app-4442983619,French Customer Support Specialist (Bilingual FR/EN | Non-Voice/Blended | Remote),TalentPop App,posted,2026-07-23T12:07:42.962487,158
128593c9dbc7f3d5,https://ci.linkedin.com/jobs/view/agent-quality-manager-at-wave-mobile-money-4406639328,Agent Quality Manager,,scraped,2026-07-23T12:07:45.534320,
94b67cc3909e38c8,https://ci.linkedin.com/jobs/view/group-security-training-manager-at-endeavour-mining-4440115963,Group Security Training Manager,,scraped,2026-07-23T12:07:52.242012,
c4f2ba2d8fd3d73a,https://ci.linkedin.com/jobs/view/work-from-home-customer-support-%E2%80%93-french-speaking-at-talentpop-app-4443810244,Work-from-Home Customer Support – French Speaking,TalentPop App,posted,2026-07-23T12:08:02.357540,146
10e4eb9d859b8905,https://ci.linkedin.com/jobs/view/formateur-rice-technique-f-h-at-vinci-construction-4442130955,Formateur/rice technique F/H,,scraped,2026-07-23T12:08:05.058937,
e49ddd54f004e6f5,https://ci.linkedin.com/jobs/view/french-speaking-customer-support-specialist-at-talentpop-app-4443499396,French-Speaking Customer Support Specialist,TalentPop App,posted,2026-07-23T12:08:16.240528,166
a823d9e82fa18137,https://ci.linkedin.com/jobs/view/sp%C3%A9cialiste-bilingue-fran%C3%A7ais-anglais-du-support-client-%E2%80%94-voix-et-chat-at-talentpop-app-4443490631,Spécialiste Bilingue (Français/Anglais) du Support Client — Voix et Chat,TalentPop App,posted,2026-07-23T12:08:27.075714,462
30bdded90adbe5bd,https://ci.linkedin.com/jobs/view/french%2Benglish-bilingual-customer-service-representative-at-talentpop-app-4443812301,French+English Bilingual Customer Service Representative,TalentPop App,scraped,2026-07-23T12:08:31.001133,
e8dddfd6053a99e2,https://ci.linkedin.com/jobs/view/senior-analyste-en-ing%C3%A9nierie-financi%C3%A8re-juridique-et-patrimoniale-h-f-at-selego-4443703902,"Senior Analyste en Ingénierie Financière, Juridique et Patrimoniale H/F",,scraped,2026-07-23T12:08:33.611554,
c53401cecae97ee9,https://ci.linkedin.com/jobs/view/mineral-resource-manager-at-endeavour-mining-4439234435,Mineral Resource Manager,,scraped,2026-07-23T12:08:40.544312,
c25afa93a18ab2ab,https://ci.linkedin.com/jobs/view/talent-acquisition-and-onboarding-partner-bi-lingual-at-jaza-4444289121,Talent Acquisition and Onboarding Partner (bi-lingual),,scraped,2026-07-23T12:08:48.494647,
d528da8316e9ab29,https://ci.linkedin.com/jobs/view/senior-database-administrator-at-webb-fontaine-4441304374,Senior Database Administrator,,scraped,2026-07-23T12:08:55.422152,
4350b1047abd171f,https://ci.linkedin.com/jobs/view/sp%C3%A9cialiste-bilingue-fran%C3%A7ais-anglais-du-support-client-%E2%80%94-voix-et-chat-at-talentpop-app-4443100011,Spécialiste Bilingue (Français/Anglais) du Support Client — Voix et Chat,TalentPop App,scraped,2026-07-23T12:09:03.750852,
10501136b9f51a6f,https://ci.linkedin.com/jobs/view/french-customer-support-specialist-bilingual-fr-en-non-voice-blended-remote-at-talentpop-app-4443800344,French Customer Support Specialist (Bilingual FR/EN | Non-Voice/Blended | Remote),TalentPop App,scraped,2026-07-23T12:09:07.877924,
65ce941dade283d7,https://ci.linkedin.com/jobs/view/french-bilingual-customer-service-specialist-at-talentpop-app-4443814311,French Bilingual Customer Service Specialist,TalentPop App,posted,2026-07-23T12:09:12.894772,44
8ce2d07396750cd7,https://ci.linkedin.com/jobs/view/opticien-ne-yamoussoukro-2-cote-d-ivoire-at-lapaire-4442779817,"Opticien(ne) - Yamoussoukro 2, Cote d'Ivoire",,scraped,2026-07-23T12:09:19.507756,
6a1745ce3a13a938,https://ci.linkedin.com/jobs/view/cmu-%E2%80%93-caravane-mobile-%C3%A0-akoup%C3%A9-et-%C3%A0-niakaramadougou-at-marie-jos%C3%A9-assouhan-4444435311,CMU – Caravane mobile à Akoupé et à Niakaramadougou,,scraped,2026-07-23T12:09:28.050516,
c609b2026e565fbd,https://ci.linkedin.com/jobs/view/pool-de-consultants-pour-la-r%C3%A9alisation-d-une-gap-analysis-du-dispositif-national-de-formation-continue-des-professionnels-de-sant%C3%A9-en-c%C3%B4te-d-ivoire-at-expertise-france-4440186017,Pool de consultants pour la réalisation d'une Gap Analysis du dispositif national de Formation Continue des Professionnels de Santé en Côte d'Ivoire,,scraped,2026-07-23T12:09:36.859268,
2d889e68d86fe2b2,https://ci.linkedin.com/jobs/view/expert-senior-%C3%A9lectrification-hors-r%C3%A9seau-at-ntu-international-a-s-4442109784,Expert Senior Électrification Hors Réseau,,scraped,2026-07-23T12:09:44.887818,
bfe06e13ec2da476,https://ci.linkedin.com/jobs/view/responsable-groupe-d-agences-f-h-at-soci%C3%A9t%C3%A9-g%C3%A9n%C3%A9rale-c%C3%B4te-d-ivoire-4442756456,Responsable Groupe d'Agences - F/H,,scraped,2026-07-23T12:09:52.360949,
2515c6fefa0d9545,https://ci.linkedin.com/jobs/view/expert-senior-%C3%A9nergie-bois-biomasse-at-ntu-international-a-s-4443923311,Expert Senior Énergie Bois / Biomasse,,scraped,2026-07-23T12:09:59.922437,
801a19198fbf481b,https://ci.linkedin.com/jobs/view/opticien-ne-toumodi-cote-d-ivoire-at-lapaire-4442788548,"Opticien(ne) - Toumodi, Cote d'Ivoire",,scraped,2026-07-23T12:10:07.289554,
7747b5d1cfb3649e,https://ci.linkedin.com/jobs/view/country-economist-c%C3%B4te-d-ivoire-at-actufin-4443891294,"Country Economist, Côte d'Ivoire",Actufin,posted,2026-07-25T10:19:51.767943,464
2cbe22ebb826e61d,https://ci.linkedin.com/jobs/view/c%C3%A9l%C3%A9bration-des-10-ans-de-ihs-c%C3%B4te-d%E2%80%99ivoire-at-marie-jos%C3%A9-assouhan-4444434391,Célébration des 10 ans de IHS Côte d’Ivoire,,scraped,2026-07-25T10:19:58.381462,
e613207ff202f9f4,https://ci.linkedin.com/jobs/view/technique-at-work-in-norwich-4444956060,Technique,Work In Norwich,posted,2026-07-25T10:20:11.344197,466
8ea45ddc446ea7eb,https://ci.linkedin.com/jobs/view/payroll-officer-at-saipem-4410707613,Payroll Officer,,scraped,2026-07-25T10:20:14.012528,
65272b58665f4118,https://ci.linkedin.com/jobs/view/un-1-acheteur-h-f-at-agiloya-afrique-4444787302,UN (1) ACHETEUR - H/F,,scraped,2026-07-25T10:20:23.145455,
8000c908b09ca36c,https://ci.linkedin.com/jobs/view/assistant-e-executif-ve-bilingue-at-fed-africa-4444002357,ASSISTANT(E) EXECUTIF(VE) BILINGUE,,scraped,2026-07-25T10:20:43.149131,
5742cca07d7e1c24,https://ci.linkedin.com/jobs/view/commercial-b2b-services-tech-ia-at-nexio-ai-4443545517,Commercial B2B - Services Tech & IA,,scraped,2026-07-25T10:20:51.740856,
b924f8b60bc348e1,https://ci.linkedin.com/jobs/view/direct-sales-agent-ivory-coast-at-bagginshq-4442658857,Direct Sales Agent - Ivory Coast,,scraped,2026-07-25T10:20:57.766750,
511d76381b14701e,https://ci.linkedin.com/jobs/view/d%C3%A9l%C3%A9gu%C3%A9-e-%C3%A0-la-protection-des-majeurs-mandataire-judiciaire-h-f-21-cdi-et-cdd-at-udaf-union-d%C3%A9partementale-des-associations-familiales-4441777861,Délégué(e) à la protection des majeurs / Mandataire judiciaire H/F (21) CDI et CDD,,scraped,2026-07-25T10:21:04.128707,
fbfe0f2242c7b9d1,https://ci.linkedin.com/jobs/view/ing%C3%A9nieur-e-d%E2%80%99affaires-stage-abidjan-at-datakori-4439688992,Ingénieur(e) d’affaires: STAGE (Abidjan),,scraped,2026-07-25T10:21:14.999776,
6d797173c82aaa3f,https://ci.linkedin.com/jobs/view/contr%C3%B4leur-de-gestion-4443331996,Contrôleur de Gestion,SOTIV,posted,2026-07-25T10:21:26.848840,468
e1514b8a5acc8943,https://ci.linkedin.com/jobs/view/readvertisement-mechanic-general-x6-global-grade-08-at-barloworld-power-angola-4442641020,Readvertisement Mechanic General X6 Global Grade 08,,scraped,2026-07-25T10:21:29.411794,
3934d7bc9c9a742a,https://ci.linkedin.com/jobs/view/video-game-composer-at-odixcity-consulting-4444797140,Video game composer,Odixcity Consulting,posted,2026-07-25T10:21:41.804817,470
f782364201441903,https://ci.linkedin.com/jobs/view/french%2Benglish-bilingual-customer-service-representative-at-talentpop-app-4443100032,French+English Bilingual Customer Service Representative,TalentPop App,posted,2026-07-25T10:21:53.651978,472
b5ee0554ff4621f8,https://ci.linkedin.com/jobs/view/french-speaking-customer-support-specialist-at-talentpop-app-4443814267,French-Speaking Customer Support Specialist,TalentPop App,posted,2026-07-25T10:22:00.234576,166
b422aabc17e0b90e,https://ci.linkedin.com/jobs/view/c%C3%A9r%C3%A9monie-d%E2%80%99inauguration-de-deux-nouveaux-ch%C3%A2teaux-d%E2%80%99eau-dans-la-commune-d%E2%80%99abobo-programme-de-conversion-de-dette-at-marie-jos%C3%A9-assouhan-4444422617,Cérémonie d’inauguration de deux nouveaux châteaux d’eau dans la commune d’Abobo (Programme de Conversion de Dette).,,scraped,2026-07-25T10:22:04.923155,
f9f00bea758b775a,https://ci.linkedin.com/jobs/view/french-bilingual-customer-service-specialist-at-talentpop-app-4443491552,French Bilingual Customer Service Specialist,TalentPop App,posted,2026-07-25T10:22:13.236392,44
b04491abf0f8559c,https://ci.linkedin.com/jobs/view/french%2Benglish-bilingual-customer-service-representative-at-talentpop-app-4443803317,French+English Bilingual Customer Service Representative,TalentPop App,posted,2026-07-25T10:22:20.523011,474
c2ce5f49a15ae43b,https://ci.linkedin.com/jobs/view/full-stack-engineer-annotator-at-odixcity-consulting-4443734321,Full stack Engineer Annotator,Odixcity Consulting,posted,2026-07-25T10:22:27.705084,476
0b73e1c1a24ce929,https://ci.linkedin.com/jobs/view/agent-de-support-client%C3%A8le-international-h-f-at-talentpop-app-4441879982,Agent de Support Clientèle International (H/F),TalentPop App,posted,2026-07-25T10:22:36.226483,478
d68bdaa0eee9c23c,https://ci.linkedin.com/jobs/view/french-customer-support-specialist-bilingual-fr-en-non-voice-blended-remote-at-talentpop-app-4443813337,French Customer Support Specialist (Bilingual FR/EN | Non-Voice/Blended | Remote),TalentPop App,posted,2026-07-25T10:22:40.958316,158
6bd3e65a7efdf197,https://ci.linkedin.com/jobs/view/agent-de-support-client%C3%A8le-international-h-f-at-talentpop-app-4441884536,Agent de Support Clientèle International (H/F),TalentPop App,posted,2026-07-25T10:22:48.809981,480
26b23844212d62a5,https://ci.linkedin.com/jobs/view/sp%C3%A9cialiste-bilingue-fran%C3%A7ais-anglais-du-support-client-%E2%80%94-voix-et-chat-at-talentpop-app-4442986624,Spécialiste Bilingue (Français/Anglais) du Support Client — Voix et Chat,TalentPop App,posted,2026-07-25T10:22:56.635252,482
16b7df35603a687b,https://ci.linkedin.com/jobs/view/enterprise-applications-intern-6-months-at-endeavour-mining-4440158680,Enterprise Applications Intern - 6 Months,,scraped,2026-07-25T10:22:59.213618,
f77c4471b1d4ad3f,https://ci.linkedin.com/jobs/view/charg%C3%A9-de-client%C3%A8le-bilingue-anglais-fran%C3%A7ais-100%25-t%C3%A9l%C3%A9travail-at-talentpop-app-4441889412,Chargé de Clientèle Bilingue (Anglais/Français) - 100% Télétravail,TalentPop App,posted,2026-07-25T10:23:12.953467,484
408f8703cc37b7b2,https://ci.linkedin.com/jobs/view/french-bilingual-customer-service-specialist-at-talentpop-app-4442984685,French Bilingual Customer Service Specialist,TalentPop App,posted,2026-07-25T10:23:19.551926,44
24743c3ff4c4bd54,https://ci.linkedin.com/jobs/view/consultant-en-construction-at-save-the-children-international-4444455039,Consultant en construction,,scraped,2026-07-25T10:23:24.231252,
7f60161ff9231ad0,https://ci.linkedin.com/jobs/view/french-bilingual-customer-service-specialist-at-talentpop-app-4442999043,French Bilingual Customer Service Specialist,TalentPop App,posted,2026-07-25T10:23:32.839000,44
c176888081e9c88b,https://ci.linkedin.com/jobs/view/francophone-customer-support-representative-%E2%80%93-remote-at-talentpop-app-4441892284,Francophone Customer Support Representative – Remote,TalentPop App,posted,2026-07-25T10:23:39.448172,148
492ed108f9530a92,https://ci.linkedin.com/jobs/view/french-customer-support-specialist-bilingual-fr-en-non-voice-blended-remote-at-talentpop-app-4442976939,French Customer Support Specialist (Bilingual FR/EN | Non-Voice/Blended | Remote),TalentPop App,posted,2026-07-25T10:23:44.074520,158
2acbd709d63bbc43,https://ci.linkedin.com/jobs/view/azure-architect-at-odixcity-consulting-4444782935,Azure Architect,Odixcity Consulting,posted,2026-07-25T10:23:51.792863,486
e5faecc8dfb27af3,https://ci.linkedin.com/jobs/view/lancement-de-la-nouvelle-canette-cody%E2%80%99s-energy-%E2%80%93-%C3%A9dition-sp%C3%A9ciale-%C3%A9l%C3%A9phants-at-marie-jos%C3%A9-assouhan-4444424585,Lancement de la nouvelle canette Cody’s Energy – Édition Spéciale Éléphants,,scraped,2026-07-25T10:23:56.418359,
b500521dd8c2af72,https://ci.linkedin.com/jobs/view/rejoignez-l-%C3%A9lite-du-support-client-bilingue-fran%C3%A7ais-anglais-%E2%80%93-100-%25-t%C3%A9l%C3%A9travail-%21-at-talentpop-app-4442302004,Rejoignez l'élite du support client bilingue (Français/Anglais) – 100 % Télétravail !,TalentPop App,posted,2026-07-25T10:24:09.217076,488
60ede47bc2fbf3d8,https://ci.linkedin.com/jobs/view/lancement-officiel-de-coris-assurances-ci-%E2%80%93-iardt-vie-at-marie-jos%C3%A9-assouhan-4444428418,Lancement officiel de Coris Assurances CI – IARDT & Vie.,,scraped,2026-07-25T10:24:13.877164,
f6816cc74e0f918d,https://ci.linkedin.com/jobs/view/regional-project-manager-at-seaboard-overseas-and-trading-group-4432891497,Regional Project Manager,Seaboard Overseas and Trading Group,posted,2026-07-25T10:24:26.191170,490
644a5f0c641a2654,https://ci.linkedin.com/jobs/view/agent-de-support-client%C3%A8le-international-h-f-at-talentpop-app-4441899106,Agent de Support Clientèle International (H/F),TalentPop App,posted,2026-07-25T10:24:35.073967,492
d2af36a03f434ccf,https://ci.linkedin.com/jobs/view/bilingual-customer-support-specialist-french-english-100%25-remote-at-talentpop-app-4441893299,Bilingual Customer Support Specialist (French/English) - 100% Remote,TalentPop App,posted,2026-07-25T10:24:39.744495,156
1b81382500920109,https://ci.linkedin.com/jobs/view/cms-developer-at-odixcity-consulting-4443301061,CMS Developer,Odixcity Consulting,posted,2026-07-25T10:24:49.737530,494
b1b612ba5a7bc860,https://ci.linkedin.com/jobs/view/rejoignez-l-%C3%A9lite-du-support-client-bilingue-fran%C3%A7ais-anglais-%E2%80%93-100-%25-t%C3%A9l%C3%A9travail-%21-at-talentpop-app-4441892322,Rejoignez l'élite du support client bilingue (Français/Anglais) – 100 % Télétravail !,TalentPop App,posted,2026-07-25T10:24:58.267663,496
3b27d36a0a423b2e,https://ci.linkedin.com/jobs/view/sea-logistics-customer-care-specialist-at-kuehne%2Bnagel-4425483298,Sea Logistics Customer Care Specialist,,scraped,2026-07-25T10:25:02.798474,
3c6081d4bebefe77,https://ci.linkedin.com/jobs/view/french-english-customer-support-associate-at-talentpop-app-4441880936,French-English Customer Support Associate,TalentPop App,posted,2026-07-25T10:25:11.191404,186
f852325b56e34585,https://ci.linkedin.com/jobs/view/awp-engineering-champion-isbl-at-kt-kinetics-technology-4441056197,AWP ENGINEERING CHAMPION ISBL,,scraped,2026-07-25T10:25:13.779004,
f4a01a4c56e103e4,https://ci.linkedin.com/jobs/view/caravane-mobile-d%E2%80%99enr%C3%B4lement-%C3%A0-la-couverture-maladie-universelle-cmu-%C3%A0-bingerville-at-marie-jos%C3%A9-assouhan-4444423611,Caravane Mobile d’enrôlement à la Couverture Maladie Universelle (CMU) à Bingerville,,scraped,2026-07-25T10:25:21.432807,
e327e779ede6a388,https://ci.linkedin.com/jobs/view/expert-senior-smart-grid-mod%C3%A9lisation-des-r%C3%A9seaux-at-ntu-international-a-s-4444439919,Expert Senior Smart Grid / Modélisation des Réseaux,,scraped,2026-07-25T10:25:27.978095,
df395b91d95be475,https://ci.linkedin.com/jobs/view/field-service-engineer-at-ge-vernova-4443365133,Field Service Engineer,GE Vernova,posted,2026-07-25T10:25:41.547716,498
872fc48c02554c83,https://ci.linkedin.com/jobs/view/senior-resources-geologist-at-montage-gold-4444475153,Senior Resources Geologist,,scraped,2026-07-25T10:25:43.851901,
c8e83681cac091fb,https://ci.linkedin.com/jobs/view/senior-manager-risques-r%C3%A8glementaires-f-h-at-deloitte-4444602473,Senior Manager Risques Règlementaires (F/H),Deloitte,posted,2026-07-25T10:25:57.130271,500
6a7baf9265669c98,https://ci.linkedin.com/jobs/view/consultant-sap-s-4hana-%E2%80%93-d%C3%A9ploiement-roll-out-at-amaris-consulting-4433892396,CONSULTANT SAP S/4HANA – DÉPLOIEMENT (ROLL-OUT),,scraped,2026-07-25T10:26:05.855713,
b87ccc62bb9fd848,https://ci.linkedin.com/jobs/view/expert-senior-audit-%C3%A9nerg%C3%A9tique-mesure-v%C3%A9rification-m-v-at-ntu-international-a-s-4443392316,Expert Senior Audit Énergétique / Mesure & Vérification (M&V),,scraped,2026-07-25T10:26:13.483353,
11dbe1cf35c319fb,https://ci.linkedin.com/jobs/view/senior-non-key-experts-in-the-digital-connectivity-study-for-agriculture-prida-ii-at-ntu-international-a-s-4442711899,Senior Non Key Experts in the Digital Connectivity Study for Agriculture (PRIDA II),,scraped,2026-07-25T10:26:20.160533,
9c32561d64d353ce,https://ci.linkedin.com/jobs/view/techniciens-de-laboratoire-at-solibra-ci-4444697160,TECHNICIENS DE LABORATOIRE,,scraped,2026-07-27T13:57:16.413558,
f178233ef1cc1355,https://ci.linkedin.com/jobs/view/programme-management-assistant-at-un-environment-programme-4442664852,PROGRAMME MANAGEMENT ASSISTANT,,scraped,2026-07-27T13:57:25.219192,
1a4fa0f154e07721,https://ci.linkedin.com/jobs/view/respons%C3%A1vel-de-perfura%C3%A7%C3%A3o-e-desmonte-mina-m-f-at-mota-engil-4441564760,Responsável de Perfuração e Desmonte - Mina (m/f),,scraped,2026-07-27T13:57:32.266063,
6de768908e861549,https://ci.linkedin.com/jobs/view/social-media-manager-content-creator-at-odixcity-consulting-4443300060,Social media manager / content creator,Odixcity Consulting,posted,2026-07-27T13:57:45.588544,502
f8fc7e28ae8c991e,https://ci.linkedin.com/jobs/view/optimal-control-of-the-ethena-yield-bearing-stablecoin-at-ml-quant-4442337547,Optimal Control of the Ethena Yield-Bearing Stablecoin,ML-Quant,posted,2026-07-27T13:58:00.441310,504
d768e5237547b4dd,https://ci.linkedin.com/jobs/view/komisija-objavljuje-smjernice-o-obvezama-transparentnosti-za-dobavlja%C4%8De-i-subjekte-koji-uvode-odre%C4%91ene-ui-sustave-at-european-video-games-society-4444805787,Komisija objavljuje smjernice o obvezama transparentnosti za dobavljače i subjekte koji uvode određene UI sustave,,scraped,2026-07-27T13:58:03.044071,
cf01027c98955a56,https://ci.linkedin.com/jobs/view/when-does-static-willingness-to-pay-mislead%3F-a-framework-for-dynamic-hedonic-valuation-at-ml-quant-4442344451,When Does Static Willingness to Pay Mislead? A Framework for Dynamic Hedonic Valuation,ML-Quant,posted,2026-07-27T13:58:20.580427,506
9e94c55e42a13dc3,https://ci.linkedin.com/jobs/view/coordinateur-op%C3%A9rations-at-fizz-c%C3%B4te-d-ivoire-4393291707,Coordinateur opérations,,scraped,2026-07-27T13:58:23.281973,
207ddca5efd37473,https://ci.linkedin.com/jobs/view/hospital-management-and-partnership-referent-f-x-m-%E2%80%93-abidjan-or-brussels-%E2%80%93-msf-belgium-at-reliefweb-4443975498,Hospital Management and Partnership Referent (f/x/m) – Abidjan or Brussels – MSF Belgium,ReliefWeb,posted,2026-07-27T13:58:38.698975,508
90b234073eacc310,https://ci.linkedin.com/jobs/view/motion-graphics-designer-at-odixcity-consulting-4445655618,Motion graphics designer,Odixcity Consulting,posted,2026-07-27T13:58:46.995306,510
58b901683980e6a8,https://ci.linkedin.com/jobs/view/laboratory-technician-at-saipem-4442730668,Laboratory Technician,,scraped,2026-07-27T13:58:49.679024,
c9fad02ed9434c21,https://ci.linkedin.com/jobs/view/head-of-trading-brvm-at-actufin-4443892260,"Head of Trading, BRVM",Actufin,posted,2026-07-27T13:59:14.408121,512
a3c46bb29091d536,https://ci.linkedin.com/jobs/view/database-gis-coordinator-at-endeavour-mining-4440440494,Database & GIS Coordinator,,scraped,2026-07-27T13:59:19.387187,
71550c926b089177,https://ci.linkedin.com/jobs/view/production-operator-at-saipem-4442743191,Production Operator,,scraped,2026-07-27T13:59:27.474550,
87526d34233b2ff1,https://ci.linkedin.com/jobs/view/ing%C3%A9nieur-production-%E2%80%93-upstream-amont-at-jb-cocoa-4445658502,Ingénieur Production – Upstream ( Amont),,scraped,2026-07-27T13:59:34.676903,
67a5b811e5c73233,https://ci.linkedin.com/jobs/view/data-operations-analyst-at-odixcity-consulting-4445653606,Data Operations Analyst,Odixcity Consulting,posted,2026-07-27T13:59:48.844836,514
a1cd7d2a3bf02d70,https://ci.linkedin.com/jobs/view/agent-e-administratif-ve-documentation-et-montage-des-soumissions-at-tehora-inc-4441800321,Agent(e) administratif(ve) - Documentation et montage des soumissions,,scraped,2026-07-27T13:59:51.493081,
d8010704da9d91fc,https://ci.linkedin.com/jobs/view/stagiaire-departement-achat-at-roche-4444072571,Stagiaire - Departement Achat,,scraped,2026-07-27T13:59:57.812018,
48af4b2a55178886,https://ci.linkedin.com/jobs/view/comptable-tresorerie-at-endeavour-mining-4442846327,COMPTABLE TRESORERIE,,scraped,2026-07-27T14:00:06.728863,
128cc72384211e1d,https://ci.linkedin.com/jobs/view/global-affairs-lead-at-glovo-4443874789,Global Affairs Lead,,scraped,2026-07-27T14:00:16.474850,
98dd7e2ca9315a71,https://ci.linkedin.com/jobs/view/risk-analyst-at-odixcity-consulting-4444798121,Risk Analyst,Odixcity Consulting,posted,2026-07-27T14:00:29.515207,516
00ce3702c1146ad3,https://ci.linkedin.com/jobs/view/charg%C3%A9-de-client%C3%A8le-bilingue-anglais-fran%C3%A7ais-100%25-t%C3%A9l%C3%A9travail-at-talentpop-app-4442358906,Chargé de Clientèle Bilingue (Anglais/Français) - 100% Télétravail,TalentPop App,posted,2026-07-27T14:00:40.889473,518
12df4fad8cef7b0c,https://ci.linkedin.com/jobs/view/francophone-customer-support-representative-%E2%80%93-remote-at-talentpop-app-4442343609,Francophone Customer Support Representative – Remote,TalentPop App,posted,2026-07-27T14:00:46.045159,148
9887392c3339f687,https://ci.linkedin.com/jobs/view/sales-representative-power-at-bia-group-4443783130,Sales Representative Power,,scraped,2026-07-27T14:00:50.684273,
2400292aff9915d6,https://ci.linkedin.com/jobs/view/vibe-coding-liga-hrvatske-at-osnovna-%C5%A1kola-tordinci-primary-school-tordinci-4444236604,Vibe Coding liga Hrvatske,Osnovna škola Tordinci/Primary school Tordinci,posted,2026-07-27T14:01:09.774529,520
ca373b8bc288e4e9,https://ci.linkedin.com/jobs/view/language-teacher-remote-at-crossing-hurdles-4444412049,Language Teacher | Remote,Crossing Hurdles,posted,2026-07-27T14:01:14.737558,256
460007a4a1eca7a6,https://ci.linkedin.com/jobs/view/sales-coordinator-at-asbis-middle-east-4440456497,Sales Coordinator,,scraped,2026-07-27T14:01:17.424042,
b83129061668bae0,https://ci.linkedin.com/jobs/view/rlhf-specialist-at-odixcity-consulting-4444253778,RLHF Specialist,Odixcity Consulting,posted,2026-07-27T14:01:33.015429,522
fb0ab922a90910b4,https://ci.linkedin.com/jobs/view/business-development-manager-west-africa-ct-at-atlas-copco-4443431262,Business Development Manager West Africa CT,,scraped,2026-07-27T14:01:35.858332,
e9ed590da89ebe60,https://ci.linkedin.com/jobs/view/francophone-customer-support-representative-%E2%80%93-remote-at-talentpop-app-4441877948,Francophone Customer Support Representative – Remote,TalentPop App,scraped,2026-07-27T14:01:44.464351,
299f08cbfccc9cfc,https://ci.linkedin.com/jobs/view/program-associate-strategic-impact-evaluation-and-learning-at-innovations-for-poverty-action-4444039110,"Program Associate, Strategic Impact Evaluation and Learning",Innovations for Poverty Action,posted,2026-07-27T14:01:54.814023,524
11cab3a11bd15cbd,https://ci.linkedin.com/jobs/view/bilingual-customer-support-specialist-french-english-100%25-remote-at-talentpop-app-4441896167,Bilingual Customer Support Specialist (French/English) - 100% Remote,TalentPop App,posted,2026-07-27T14:02:03.842546,156
3cc3848b51af9f77,https://ci.linkedin.com/jobs/view/francophone-customer-support-representative-%E2%80%93-remote-at-talentpop-app-4441880905,Francophone Customer Support Representative – Remote,TalentPop App,posted,2026-07-27T14:02:09.170226,148
5eaeac90f2cf9637,https://ci.linkedin.com/jobs/view/medical-device-sales-specialist-at-wego-medical-international-co-ltd-4444855673,Medical Device Sales Specialist,,scraped,2026-07-27T14:02:11.823865,
f8f39aa218de7766,https://ci.linkedin.com/jobs/view/responsable-d-agence-f-h-at-soci%C3%A9t%C3%A9-g%C3%A9n%C3%A9rale-c%C3%B4te-d-ivoire-4442778076,Responsable d'Agence - F/H,,scraped,2026-07-27T14:02:19.310736,
28bf3ff99f099941,https://ci.linkedin.com/jobs/view/directeur-neemba-academy-h-f-at-neemba-group-4443939502,Directeur NEEMBA Academy H/F,Neemba Group,posted,2026-07-27T14:02:37.946705,526
e719e09c28789107,https://ci.linkedin.com/jobs/view/bilingual-customer-support-specialist-french-english-100%25-remote-at-talentpop-app-4442345537,Bilingual Customer Support Specialist (French/English) - 100% Remote,TalentPop App,posted,2026-07-27T14:02:42.938769,156
c1f233208af7ec5f,https://ci.linkedin.com/jobs/view/virtual-customer-support-agent-french-english-%E2%80%93-100%25-remote-at-talentpop-app-4442309263,Virtual Customer Support Agent (French/English) – 100% Remote,TalentPop App,posted,2026-07-27T14:02:47.869723,168
f88cb33586b0a93c,https://ci.linkedin.com/jobs/view/virtual-customer-support-agent-french-english-%E2%80%93-100%25-remote-at-talentpop-app-4441897936,Virtual Customer Support Agent (French/English) – 100% Remote,TalentPop App,scraped,2026-07-27T14:02:51.977790,
d49ff3abf877777d,https://ci.linkedin.com/jobs/view/charg%C3%A9-de-client%C3%A8le-bilingue-anglais-fran%C3%A7ais-100%25-t%C3%A9l%C3%A9travail-at-talentpop-app-4442361865,Chargé de Clientèle Bilingue (Anglais/Français) - 100% Télétravail,TalentPop App,posted,2026-07-27T14:03:03.006672,528
a337145cf5c02835,https://ci.linkedin.com/jobs/view/bilingual-customer-support-specialist-french-english-100%25-remote-at-talentpop-app-4441887454,Bilingual Customer Support Specialist (French/English) - 100% Remote,TalentPop App,posted,2026-07-27T14:03:08.038564,156
9ef61123c08fe754,https://ci.linkedin.com/jobs/view/virtual-customer-support-agent-french-english-%E2%80%93-100%25-remote-at-talentpop-app-4442313148,Virtual Customer Support Agent (French/English) – 100% Remote,TalentPop App,posted,2026-07-27T14:03:13.255796,168
639436fc2ee52fad,https://ci.linkedin.com/jobs/view/virtual-customer-support-agent-french-english-%E2%80%93-100%25-remote-at-talentpop-app-4442310229,Virtual Customer Support Agent (French/English) – 100% Remote,TalentPop App,scraped,2026-07-27T14:03:17.497298,
6389773d4c5f4e55,https://ci.linkedin.com/jobs/view/agent-de-support-client%C3%A8le-international-h-f-at-talentpop-app-4442355527,Agent de Support Clientèle International (H/F),TalentPop App,posted,2026-07-27T14:03:29.550833,530
efba3ac7e6ec223f,https://ci.linkedin.com/jobs/view/sales-specialist-4442822258,Sales Specialist,123chapchap,posted,2026-07-27T14:03:41.136425,532
50b117df2acc12b5,https://ci.linkedin.com/jobs/view/french-bilingual-customer-service-specialist-at-talentpop-app-4442369858,French Bilingual Customer Service Specialist,TalentPop App,posted,2026-07-27T14:03:45.982081,44
13f17e5acfe03698,https://ci.linkedin.com/jobs/view/french-english-customer-support-associate-at-talentpop-app-4442349530,French-English Customer Support Associate,TalentPop App,posted,2026-07-27T14:03:50.960494,186
c6e3077fe42ee0cd,https://ci.linkedin.com/jobs/view/french-english-customer-support-associate-at-talentpop-app-4442345545,French-English Customer Support Associate,TalentPop App,posted,2026-07-27T14:03:57.764817,186
288b7ea88ef885ec,https://ci.linkedin.com/jobs/view/remote-french-bilingual-customer-support-representative-at-talentpop-app-4442821147,Remote French Bilingual Customer Support Representative,TalentPop App,posted,2026-07-27T14:04:02.869233,162
5d026272fa0433cc,https://ci.linkedin.com/jobs/view/sp%C3%A9cialiste-bilingue-fran%C3%A7ais-anglais-du-support-client-%E2%80%94-voix-et-chat-at-talentpop-app-4442376816,Spécialiste Bilingue (Français/Anglais) du Support Client — Voix et Chat,TalentPop App,posted,2026-07-27T14:04:11.584849,534
3402782da7869c11,https://ci.linkedin.com/jobs/view/french-speaking-customer-support-specialist-at-talentpop-app-4442380006,French-Speaking Customer Support Specialist,TalentPop App,posted,2026-07-27T14:04:16.496625,166
ca38c0d8f0c5907c,https://ci.linkedin.com/jobs/view/devops-engineer-annotator-at-odixcity-consulting-4445292436,Devops Engineer Annotator,Odixcity Consulting,posted,2026-07-27T14:04:25.428068,536
22d0283db87bc1b4,https://ci.linkedin.com/jobs/view/inside-regional-acct-manager-ivory-coast-at-fortinet-4443356724,Inside Regional Acct Manager - Ivory Coast,Fortinet,posted,2026-07-27T14:04:37.299615,538
0e23c133ac07a646,https://ci.linkedin.com/jobs/view/french-speaking-customer-support-specialist-at-talentpop-app-4442374780,French-Speaking Customer Support Specialist,TalentPop App,posted,2026-07-27T14:04:42.369358,166
c4d90fd383b71b0e,https://ci.linkedin.com/jobs/view/sp%C3%A9cialiste-bilingue-fran%C3%A7ais-anglais-du-support-client-%E2%80%94-voix-et-chat-at-talentpop-app-4442380002,Spécialiste Bilingue (Français/Anglais) du Support Client — Voix et Chat,TalentPop App,posted,2026-07-27T14:04:51.768458,540
a31db841caddc7fa,https://ci.linkedin.com/jobs/view/remote-french-bilingual-customer-support-representative-at-talentpop-app-4442822082,Remote French Bilingual Customer Support Representative,TalentPop App,posted,2026-07-27T14:04:58.828045,162
9fde03007e8f043d,https://ci.linkedin.com/jobs/view/appel-%C3%A0-volontaires-chantier-de-volontariat-international-de-l-unesco-whv-cap-grand-bassam-2026-at-cresas-urbasc%C3%A8nes-plateforme-culturelle-de-m-brago-4445359657,Appel à Volontaires | Chantier de volontariat International de l'UNESCO WHV CAP GRAND-BASSAM 2026,CRESAS - Urbascènes / Plateforme Culturelle de M'brago,posted,2026-07-27T14:05:13.987195,542
67e7353a4fc11ba9,https://ci.linkedin.com/jobs/view/cms-developer-at-odixcity-consulting-4445287635,CMS Developer,Odixcity Consulting,posted,2026-07-27T14:05:21.195064,494
729ae88b97d30598,https://ci.linkedin.com/jobs/view/dioula-language-specialist-%2495-hr-remote-at-crossing-hurdles-4443818321,Dioula Language Specialist | $95/hr Remote,Crossing Hurdles,posted,2026-07-27T14:05:26.083105,324
936c5ad0e536450d,https://ci.linkedin.com/jobs/view/expert-senior-cuisson-propre-clean-cooking-at-ntu-international-a-s-4443936472,Expert Senior Cuisson Propre (Clean Cooking),,scraped,2026-07-27T14:05:34.686164,
d187849499b3871b,https://ci.linkedin.com/jobs/view/ajusteur-au-banc-classe-b-bench-fitter-class-b-at-rolls-royce-4443992782,Ajusteur au banc Classe B / Bench Fitter Class B,,scraped,2026-07-27T14:05:42.355019,
176f9753e84f5771,https://ci.linkedin.com/jobs/view/laboratory-assistant-at-afgri-4446186156,Laboratory Assistant,,scraped,2026-07-29T12:32:46.042458,
cc71e96e50ddfab9,https://ci.linkedin.com/jobs/view/chefe-de-oficina-de-mina-m-f-pt-at-mota-engil-4441580144,Chefe de Oficina de Mina (m/f) (PT),,scraped,2026-07-29T12:32:57.077994,
4051b66b18df53cc,https://ci.linkedin.com/jobs/view/trainee-programme-at-tananger-offshore-as-4445746363,Trainee Programme,Tananger Offshore AS,posted,2026-07-29T12:33:11.940606,544
4d74e02d399d013c,https://ci.linkedin.com/jobs/view/administrative-officer-no-2-ta-6-months-%23138173-abidjan-cote-d-ivoire-wcar-at-unicef-4446068047,"Administrative Officer (NO-2), TA (6 months), #138173, Abidjan, Cote d'Ivoire - WCAR",UNICEF,posted,2026-07-29T12:33:21.647548,546
3715f448016818ee,https://ci.linkedin.com/jobs/view/auditeur-junior-at-elyos-4446319472,Auditeur Junior,ELYOS,posted,2026-07-29T12:33:30.764756,548
555cbc44c305f0aa,https://ci.linkedin.com/jobs/view/pentester-ad-infra-app-at-cost-solutions-cyberd%C3%A9fense-africa-4443260424,Pentester: AD / Infra/ App,Cost Solutions Cyberdéfense Africa,posted,2026-07-29T12:33:45.760180,550
d7624e283e3ec42e,https://ci.linkedin.com/jobs/view/screening-candidate-shortlisting-at-agasi-technologies-4445797107,Screening & Candidate Shortlisting,,scraped,2026-07-29T12:33:48.401057,
126c60a5a3a73a56,https://ci.linkedin.com/jobs/view/junior-tax-officer-at-olam-agri-4445485460,Junior Tax Officer,,scraped,2026-07-29T12:33:54.914945,
eb1fddd059b10bbc,https://ci.linkedin.com/jobs/view/sanitation-manager-at-barry-callebaut-group-4445409292,SANITATION MANAGER,Barry Callebaut Group,posted,2026-07-29T12:34:10.266895,552
ae04cef9b903c577,https://ci.linkedin.com/jobs/view/safety-health-and-environment-officer-at-nestl%C3%A9-4445723096,"Safety, Health and Environment Officer",Nestlé,posted,2026-07-29T12:34:22.843782,554
ffc3b1637256dccc,https://ci.linkedin.com/jobs/view/conseillers-communautaires-at-health-alliance-c%C3%B4te-d-ivoire-4445952987,CONSEILLERS COMMUNAUTAIRES,,scraped,2026-07-29T12:34:25.184152,
d4bbcac767e17d79,https://ci.linkedin.com/jobs/view/seo-sem-specialist-at-odixcity-consulting-4446186603,SEO /SEM Specialist,Odixcity Consulting,posted,2026-07-29T12:34:36.943701,556
9ef03689d070a6b3,https://ci.linkedin.com/jobs/view/content-moderator-trust-and-safety-specialist-at-odixcity-consulting-4446538665,Content Moderator (Trust and Safety Specialist),Odixcity Consulting,posted,2026-07-29T12:34:52.995088,558
be0ffcd970a5654f,https://ci.linkedin.com/jobs/view/inspecteur-senior-fuels-f-h-fuels-division-bureau-veritas-cote-d-ivoire-at-bureau-veritas-4445168490,"Inspecteur Senior Fuels (F/H) - Fuels Division, Bureau Veritas Cote d'Ivoire",,scraped,2026-07-29T12:34:55.594221,
9d919d41c2b19c2e,https://ci.linkedin.com/jobs/view/area-sales-manager-at-zumtobel-lighting-4445955549,Area Sales Manager,,scraped,2026-07-29T12:35:04.517492,
16871b50252e81bb,https://ci.linkedin.com/jobs/view/ingenieur-fiabilite-at-barry-callebaut-group-4445197620,INGENIEUR FIABILITE,Barry Callebaut Group,posted,2026-07-29T12:35:23.223302,560
848ef41e5860595d,https://ci.linkedin.com/jobs/view/senior-director-marketing-%E2%80%93-western-and-central-africa-at-visa-4445981398,"Senior Director, Marketing – Western and Central Africa",Visa,posted,2026-07-29T12:35:36.478146,562
74a782377e641d3b,https://ci.linkedin.com/jobs/view/m%C3%A9canicienne-ou-m%C3%A9canicien-classe-ii-at-minist%C3%A8re-des-transports-et-de-la-mobilit%C3%A9-durable-du-qu%C3%A9bec-mtmd-4446583180,Mécanicienne ou mécanicien classe II,,scraped,2026-07-29T12:35:38.812825,
46cf3d3d7be9e662,https://ci.linkedin.com/jobs/view/technicien-multitechnique-at-orange-c%C3%B4te-d-ivoire-4444981765,Technicien Multitechnique,Orange Côte d'Ivoire,posted,2026-07-29T12:35:57.479218,564
2be83cae509ad2fe,https://ci.linkedin.com/jobs/view/commercial-ind%C3%A9pendant-at-daba-finance-4445638704,Commercial Indépendant,Daba Finance,posted,2026-07-29T12:36:05.373559,566
4e6f47078b58e9e6,https://ci.linkedin.com/jobs/view/projeteur-exp%C3%A9riment%C3%A9-autocad-at-parlym-4443615267,Projeteur Expérimenté (AutoCAD),,scraped,2026-07-29T12:36:08.011163,
7ff34cd03181f544,https://ci.linkedin.com/jobs/view/administrative-officer-no-2-ta-6-months-%23138173-abidjan-cote-d-ivoire-wcar-at-unicef-bangladesh-4446415192,"Administrative Officer (NO-2), TA (6 months), #138173, Abidjan, Cote d'Ivoire - WCAR",,scraped,2026-07-31T12:30:48.446896,
d5c11766f2f246d1,https://ci.linkedin.com/jobs/view/art-time-guest-lecturers-industry-speakers-%E2%80%94-abidjan-c%C3%B4te-d-ivoire-at-british-international-university-4444162207,"art-Time Guest Lecturers / Industry Speakers — Abidjan, Côte d'Ivoire",British International University,posted,2026-07-31T12:31:13.692839,568
9f4c6cbf426955dd,https://ci.linkedin.com/jobs/view/investment-analyst-at-marubeni-corporation-4444297676,Investment Analyst,,scraped,2026-07-31T12:31:16.349820,
f0d856b96609bf47,https://ci.linkedin.com/jobs/view/coordonnateur-de-projet-lafiya-at-health-alliance-c%C3%B4te-d-ivoire-4445955908,COORDONNATEUR DE PROJET LAFIYA,,scraped,2026-07-31T12:31:23.651386,
ebd5f202c374d92e,https://ci.linkedin.com/jobs/view/technicien-m%C3%A9thode-junior-h-f-at-solibra-ci-4445195832,Technicien Méthode junior H/F,,scraped,2026-07-31T12:31:30.890265,
7fdb9813995ae1bd,https://ci.linkedin.com/jobs/view/responsable-suivi-evaluation-tb-vih-at-health-alliance-c%C3%B4te-d-ivoire-4445961897,RESPONSABLE SUIVI-EVALUATION TB/VIH,,scraped,2026-07-31T12:31:36.944739,
bf9c2d3930ff8972,https://ci.linkedin.com/jobs/view/multimedia-content-and-video-editor-at-odixcity-consulting-4446190529,Multimedia Content and Video Editor,Odixcity Consulting,posted,2026-07-31T12:31:48.428667,570
227bf1cacbec82a5,https://ci.linkedin.com/jobs/view/superviseur-comptable-at-olam-agri-4445086765,Superviseur Comptable,,scraped,2026-07-31T12:31:51.032987,
88ba9eee2d1bb372,https://ci.linkedin.com/jobs/view/operations-manager-at-ocs-services-4447507178,Operations Manager,,scraped,2026-07-31T12:31:57.826853,
d7fcfdb71c9e92a9,https://ci.linkedin.com/jobs/view/stagiaires-banque-finance-at-soci%C3%A9t%C3%A9-g%C3%A9n%C3%A9rale-c%C3%B4te-d-ivoire-4445982293,Stagiaires - Banque & Finance,,scraped,2026-07-31T12:32:05.799002,
ff457a87d9136a47,https://ci.linkedin.com/jobs/view/superviseur-tr%C3%A9sorerie-at-olam-agri-4445090707,Superviseur Trésorerie,,scraped,2026-07-31T12:32:12.815694,
0a2a006ca8999d12,https://ci.linkedin.com/jobs/view/animateur-trice-social-e-at-eticwood%C2%AE-4446066569,Animateur.trice social.e,,scraped,2026-07-31T12:32:18.947673,
2e162f076eb79889,https://ci.linkedin.com/jobs/view/customer-support-representative-at-wave-mobile-money-4446498197,Customer Support Representative,,scraped,2026-07-31T12:32:26.527460,
cc094f4c791d63af,https://ci.linkedin.com/jobs/view/creative-writer-at-odixcity-consulting-4446537679,Creative writer,Odixcity Consulting,posted,2026-07-31T12:32:37.501297,572
c0428936ce579517,https://ci.linkedin.com/jobs/view/learning-and-development-manager-at-odixcity-consulting-4446530905,Learning and development manager,Odixcity Consulting,posted,2026-07-31T12:32:44.925613,574
74aaf8d73254f59b,https://ci.linkedin.com/jobs/view/treasury-sales-officer-at-soci%C3%A9t%C3%A9-g%C3%A9n%C3%A9rale-c%C3%B4te-d-ivoire-4445979313,Treasury Sales Officer,,scraped,2026-07-31T12:32:49.574835,
8839bb1430355171,https://ci.linkedin.com/jobs/view/service-delivery-coordinator-tubular-services-at-baker-hughes-4445910505,Service Delivery Coordinator - Tubular Services,Baker Hughes,posted,2026-07-31T12:33:02.990191,576
aee2604edcbddd18,https://ci.linkedin.com/jobs/view/specialist-client-mgmt-orchestrator-at-standard-chartered-4445165560,"Specialist, Client Mgmt Orchestrator",,scraped,2026-07-31T12:33:07.652549,
df70d79daae2d7a0,https://ci.linkedin.com/jobs/view/research-scientist-at-innovations-for-poverty-action-4445197035,Research Scientist,Innovations for Poverty Action,posted,2026-07-31T12:33:20.600262,578
6caf6914626a1a10,https://ci.linkedin.com/jobs/view/director-monitoring-evaluation-and-learning-mel-at-purposephil-career-4445435841,"Director, Monitoring, Evaluation, and Learning (MEL)",PurposePhil Career,posted,2026-07-31T12:33:25.461650,26
12b87953c086441f,https://ci.linkedin.com/jobs/view/co-founder-chief-technology-officer-at-premierpay-4447074834,Co-Founder Chief Technology Officer,PremierPay,posted,2026-07-31T12:33:36.488038,580
ebab1039afef3572,https://ci.linkedin.com/jobs/view/financial-assistant-at-bls-international-4445094396,Financial Assistant,BLS International,posted,2026-07-31T12:33:58.940624,582
4cb4c6a9a7f353fc,https://ci.linkedin.com/jobs/view/finance-specialist-controllership-at-baker-hughes-4445909327,Finance Specialist - Controllership,Baker Hughes,posted,2026-07-31T12:34:07.820072,584
ebb7cea5b8562673,https://ci.linkedin.com/jobs/view/associate-director-french-speaking-west-africa-at-iqvia-4445750119,"Associate Director, French-speaking West Africa",IQVIA,posted,2026-07-31T12:34:16.448974,586
3ed00d05d0e1a692,https://ci.linkedin.com/jobs/view/directeur-directrice-financier-groupe-afrique-de-l-ouest-at-kcr-partners-4446328852,Directeur / Directrice Financier Groupe (Afrique de l'Ouest),KCR Partners,posted,2026-07-31T12:34:29.196578,588
3d2370760fcf5a7b,https://ci.linkedin.com/jobs/view/regional-export-manager-at-employ-global-4446412885,Regional Export Manager,,scraped,2026-07-31T12:34:31.833956,
035f92758d2f7ddb,https://ci.linkedin.com/jobs/view/sales-director-at-comviva-4442366639,Sales Director,,scraped,2026-07-31T12:34:48.711885,
d4b2699b7228aaed,https://ci.linkedin.com/jobs/view/real-estate-sales-consultant-at-immo-connect-afrique-4447268858,Real Estate Sales Consultant,Immo Connect Afrique,posted,2026-07-31T12:35:08.168973,590
c8c14a54596c3cf9,https://ci.linkedin.com/jobs/view/scrum-master-at-ph%C3%A9nicia-conseil-4443289561,Scrum Master,,scraped,2026-07-31T12:35:10.853832,
b76622cf430757ba,https://ci.linkedin.com/jobs/view/project-finance-compliance-manager-at-rainforest-alliance-4446737806,Project Finance & Compliance Manager,Rainforest Alliance,posted,2026-07-31T12:35:31.145701,592
cba84595ec6ca5a2,https://ci.linkedin.com/jobs/view/investment-officer-africa-regional-office-at-global-green-growth-institute-4446876250,"Investment Officer, Africa Regional Office",,scraped,2026-07-31T12:35:35.751938,
9d1469061f2a8026,https://ci.linkedin.com/jobs/view/data-analyst-at-rainforest-alliance-4446843741,Data Analyst,Rainforest Alliance,posted,2026-07-31T12:35:52.644774,594
d7406f88327cce9f,https://ci.linkedin.com/jobs/view/software-engineer-annotator-at-odixcity-consulting-4445665541,Software Engineer Annotator,Odixcity Consulting,posted,2026-07-31T12:35:59.768538,596
cc429f5fefc463f6,https://ci.linkedin.com/jobs/view/computational-linguist-annotator-at-odixcity-consulting-4445283786,Computational Linguist Annotator,Odixcity Consulting,posted,2026-07-31T12:36:07.017725,598
1e25d5fbe87beea7,https://ci.linkedin.com/jobs/view/topographe-projet-at-colas-rail-c%C3%B4te-d-ivoire-4445025119,Topographe Projet,COLAS RAIL CÔTE D'IVOIRE,posted,2026-07-31T12:36:15.774772,600
be9886787c0a00d9,https://ci.linkedin.com/jobs/view/llm-evaluator-model-response-analyst-at-odixcity-consulting-4446536729,LLM Evaluator (Model Response Analyst),Odixcity Consulting,posted,2026-07-31T12:36:23.388239,602
bdedd9e16c2a45e9,https://ci.linkedin.com/jobs/view/risk-and-compliance-manager-at-rainforest-alliance-4447008692,Risk and Compliance Manager,Rainforest Alliance,posted,2026-07-31T12:36:31.263370,604
e7bf853c1d304942,https://ci.linkedin.com/jobs/view/team-lead-monitoring-evaluation-learning-at-rainforest-alliance-4446731507,"Team Lead, Monitoring, Evaluation & Learning",Rainforest Alliance,posted,2026-07-31T12:36:38.493605,606
20c0e5a0445830d8,https://ci.linkedin.com/jobs/view/google-ads-expert-ppc-manager-at-odixcity-consulting-4444510675,Google Ads Expert / PPC manager,Odixcity Consulting,posted,2026-07-31T12:36:45.912251,608
1781cd7ff3c35f39,https://ci.linkedin.com/jobs/view/coordinator-golfe-de-guin%C3%A9e-h-f-x-projet-scope-s%C3%A9curisation-des-corridors-ports-et-%C3%A9changes-c%C3%B4te-d-ivoire-at-enabel-4446036933,"Coordinator Golfe de Guinée (h/f/x) Projet SCOPE (Sécurisation des Corridors, Ports et Échanges) - Côte d'Ivoire",,scraped,2026-07-31T12:36:48.572736,
be15864608a31de2,https://ci.linkedin.com/jobs/view/responsable-d%C3%A9veloppement-rh-f-h-at-soci%C3%A9t%C3%A9-g%C3%A9n%C3%A9rale-c%C3%B4te-d-ivoire-4446745105,RESPONSABLE DÉVELOPPEMENT RH - F/H,,scraped,2026-07-31T12:36:55.932297,
23acb8449e1fa696,https://ci.linkedin.com/jobs/view/inspecteur-cqe-equipement-d%C3%A9p%C3%B4t-at-alstom-4437676600,Inspecteur CQE Equipement dépôt,,scraped,2026-07-31T12:37:07.199859,
a9990a654c3c910b,https://ci.linkedin.com/jobs/view/agent-de-s%C3%A9curit%C3%A9-mj002102-at-sunda-international-4445923675,Agent de sécurité (MJ002102),,scraped,2026-07-31T12:37:13.860029,
0f38e7fd3ec533dd,https://ci.linkedin.com/jobs/view/technicien-froid-mj002103-at-sunda-international-4445906890,Technicien froid (MJ002103),森大国际,posted,2026-07-31T12:37:44.058378,610
e9e1a8e352f5d766,https://ci.linkedin.com/jobs/view/balmer-lawrie-recruitment-2020balmer-lawrie-recruitment-2020-at-governmentjobsindia-net-4447468307,Balmer Lawrie Recruitment 2020Balmer Lawrie Recruitment 2020,governmentjobsindia.net,posted,2026-08-01T10:53:07.085680,612
a55849bc65599c5f,https://ci.linkedin.com/jobs/view/reconciliation-officer-at-wave-mobile-money-4447210705,Reconciliation officer,,scraped,2026-08-01T10:53:15.714467,
0af1bec0b36e7e02,https://ci.linkedin.com/jobs/view/balmer-lawrie-recruitment-2021balmer-lawrie-recruitment-2021-at-governmentjobsindia-net-4447464185,Balmer Lawrie Recruitment 2021Balmer Lawrie Recruitment 2021,governmentjobsindia.net,posted,2026-08-01T10:53:35.062099,614
01781ef6812b1adb,https://ci.linkedin.com/jobs/view/ing%C3%A9nieur-maintenance-at-nestl%C3%A9-4447546912,Ingénieur Maintenance,Nestlé,posted,2026-08-01T10:53:51.425727,616
b4254e1e2a96bb16,https://ci.linkedin.com/jobs/view/project-officer-at-als-4445540025,Project Officer,,scraped,2026-08-01T10:53:54.116367,
52ad37870b27bb3f,https://ci.linkedin.com/jobs/view/coordinateur-de-production-%C3%A0-abidjan-at-videopro-africa-4444183932,Coordinateur de production à Abidjan,,scraped,2026-08-01T10:54:04.837969,
a8f5196ccc5544fe,https://ci.linkedin.com/jobs/view/fleet-director-at-gsm-green-sm-4443246576,Fleet Director,,scraped,2026-08-01T10:54:12.242498,
7f97e2e62699e68a,https://ci.linkedin.com/jobs/view/excel-specialist-at-odixcity-consulting-4444507753,Excel Specialist,Odixcity Consulting,posted,2026-08-01T10:54:24.871828,618
4fa74811c075c3d6,https://ci.linkedin.com/jobs/view/egocentric-video-data-collection-at-odixcity-consulting-4444513532,Egocentric video data collection,Odixcity Consulting,posted,2026-08-01T10:54:36.730554,620
7e81fd8fd21ef92e,https://ci.linkedin.com/jobs/view/regional-sales-and-turnkey-manager-%E2%80%93-west-africa-africa-projects-at-radiometer-4445002630,Regional Sales and Turnkey Manager – West Africa & Africa Projects,,scraped,2026-08-01T10:54:41.382606,
aaa0ac74ef28b8a5,https://ci.linkedin.com/jobs/view/directeur-transit-h-f-at-fsc-executive-search-talent-development-4446718973,Directeur Transit H/F,FSC Executive Search & Talent Development,posted,2026-08-01T10:55:01.793903,622
86f2cfd0dc082b87,https://ci.linkedin.com/jobs/view/administration-logistics-coordinator-at-rainforest-alliance-4446846468,Administration & Logistics Coordinator,Rainforest Alliance,posted,2026-08-01T10:55:10.607245,624
74cd8f8983468152,https://ci.linkedin.com/jobs/view/business-analytics-manager-at-huawei-4445961501,Business Analytics Manager,,scraped,2026-08-01T10:55:13.164494,
fc4f460918404709,https://ci.linkedin.com/jobs/view/freelance-commercial-terrain-performance-vtc-at-heetch-4446301585,Freelance Commercial Terrain Performance VTC,Heetch,posted,2026-08-01T10:55:31.123234,626
8b9dd4c00e9c71de,https://ci.linkedin.com/jobs/view/business-development-leader-at-visa-4406131735,Business Development Leader,Visa,posted,2026-08-01T10:55:39.807770,628
d7e9ef855474cdad,https://ci.linkedin.com/jobs/view/ing%C3%A9nieur-production-%E2%80%93-downstream-at-jb-cocoa-4445672417,Ingénieur Production – Downstream,,scraped,2026-08-01T10:55:56.451048,
5cfc2882b47fb804,https://ci.linkedin.com/jobs/view/key-account-manager-%E2%80%93-oral-health-care-at-iqvia-4444577509,Key Account Manager – Oral Health Care,IQVIA,posted,2026-08-01T10:56:13.832116,630
5183a77d50282ff6,https://ci.linkedin.com/jobs/view/stagiaire-assistant-juridique-at-roche-4446141695,Stagiaire Assistant Juridique,,scraped,2026-08-01T10:56:16.502732,
4e480828c930f2ce,https://ci.linkedin.com/jobs/view/professeurs-polyvalents-h-f-at-mky-formation-sarl-4445523715,PROFESSEURS POLYVALENTS (H/F),MKY Formation Sarl,posted,2026-08-01T10:56:32.564564,632
d85781158d280c68,https://ci.linkedin.com/jobs/view/intervenant-expert-executive-education-%E2%80%93-r%C3%A9seau-de-formateurs-internationaux-at-iphef-institut-panafricain-des-hautes-etudes-et-formations-4443897582,Intervenant Expert (Executive Education) – Réseau de Formateurs Internationaux,,scraped,2026-08-01T10:56:35.297127,
0ca719cc653aa819,https://ci.linkedin.com/jobs/view/machiniste-classe-b-machinist-class-b-at-rolls-royce-4354606345,Machiniste Classe B / Machinist Class B,,scraped,2026-08-01T10:56:43.464759,
1469f8d02e6fa1d4,https://ci.linkedin.com/jobs/view/stagiaire-comptable-at-winer-s-4447783512,Stagiaire comptable,,scraped,2026-08-01T10:56:51.497475,
e721fba5c223405a,https://ci.linkedin.com/jobs/view/responsable-d%E2%80%99unit%C3%A9-de-gestion-foresti%C3%A8re-at-africawork-4445098924,Responsable d’Unité de Gestion Forestière,AfricaWork,posted,2026-08-01T10:57:10.568156,634
9157488e7c4a909e,https://ci.linkedin.com/jobs/view/animateur-trice-redd%2B-at-eticwood%C2%AE-4444144933,Animateur.trice REDD+,,scraped,2026-08-01T10:57:28.966482,
cee6bdd280c00e86,https://ci.linkedin.com/jobs/view/requirement-in-balmer-lawrie-feb-2020requirement-in-balmer-lawrie-feb-2020-at-governmentjobsindia-net-4447652542,Requirement in Balmer Lawrie Feb-2020Requirement in Balmer Lawrie Feb-2020,governmentjobsindia.net,posted,2026-08-03T14:02:29.064293,636
4b2be76d801d4a6d,https://ci.linkedin.com/jobs/view/reconciliation-officer-at-wave-gambia-4447696014,Reconciliation officer,Wave Gambia,posted,2026-08-03T14:02:40.784492,638
a245b4522353c4c5,https://ci.linkedin.com/jobs/view/un-1-responsable-systemes-d-information-h-f-at-agiloya-afrique-4447177705,UN (1) RESPONSABLE SYSTEMES D'INFORMATION - H/F,,scraped,2026-08-03T14:02:59.557930,
c815a91bfb65cf6c,https://ci.linkedin.com/jobs/view/head-of-business-development-at-yango-4447149510,Head of Business Development,Yango,posted,2026-08-03T14:03:22.161148,640
50803cc5950b564c,https://ci.linkedin.com/jobs/view/technical-specialist-at-the-aurum-institute-4447870479,Technical Specialist,,scraped,2026-08-03T14:03:24.696844,
636967ed2f0daa84,https://ci.linkedin.com/jobs/view/group-agri-business-line-innovation-project-manager-at-solevo-group-4446438197,Group Agri Business Line Innovation Project Manager,,scraped,2026-08-03T14:03:31.782822,
ce9192a3e0b5a42b,https://ci.linkedin.com/jobs/view/mentorship-programme-for-producers-at-galway-culture-company-4445800911,Mentorship Programme for Producers,,scraped,2026-08-03T14:03:40.872652,
01192f1489066a52,https://ci.linkedin.com/jobs/view/head-of-set-up-head-of-expansion-project-manager-at-gsm-green-sm-4445807069,Head of Set up/Head of Expansion/Project Manager,,scraped,2026-08-03T14:03:47.714039,
5eff323c1bd9b37e,https://ci.linkedin.com/jobs/view/computer-vision-annotator-at-odixcity-consulting-4446535759,Computer Vision Annotator,Odixcity Consulting,posted,2026-08-03T14:04:04.076192,642
ce8b4f6ea178893b,https://ci.linkedin.com/jobs/view/pr%C3%A9pos%C3%A9e-ou-pr%C3%A9pos%C3%A9-%C3%A0-l-entretien-m%C3%A9canique-at-minist%C3%A8re-des-transports-et-de-la-mobilit%C3%A9-durable-du-qu%C3%A9bec-mtmd-4446571519,Préposée ou préposé à l'entretien mécanique,,scraped,2026-08-03T14:04:06.365321,
8a3ff39257dfbfc0,https://ci.linkedin.com/jobs/view/regional-operations-manager-%E2%80%93-device-financing-4446789387,Regional Operations Manager – Device Financing,Inward Financial Solutions LTD,posted,2026-08-03T14:04:22.566442,644
a6c9dbb31b7a9009,https://ci.linkedin.com/jobs/view/responsable-rh-hr-lead-at-enko-education-4446197538,Responsable RH / HR Lead,Enko Education,posted,2026-08-03T14:04:33.406220,646
84b2ca7736aa19eb,https://ci.linkedin.com/jobs/view/najlep%C5%A1ia-hororov%C3%A1-hra-zadarmo%3F-d%C3%A1vajte-pozor-nie-ka%C5%BEd%C3%BD-m%C3%A1-na-toto-%C5%BEal%C3%BAdok-at-rewind-sk-4447840822,"Najlepšia hororová hra zadarmo? Dávajte pozor, nie každý má na toto žalúdok",,scraped,2026-08-03T14:04:35.778224,
a650f3cd744299b8,https://ci.linkedin.com/jobs/view/marketing-manager-at-asbis-4445868770,Marketing Manager,,scraped,2026-08-03T14:04:42.526881,
6d62bcba93e1f330,https://ci.linkedin.com/jobs/view/charge-de-deploiement-solution-finance-esker-h-f-at-africa-global-logistics-4445514372,CHARGE DE DEPLOIEMENT SOLUTION FINANCE ESKER H/F,Africa Global Logistics,posted,2026-08-03T14:05:01.643361,648
ad5c73eabab66587,https://ci.linkedin.com/jobs/view/data-engineer-senior-at-ph%C3%A9nicia-conseil-4446315001,Data Engineer Senior,,scraped,2026-08-03T14:05:16.296175,
43674eb495ff1c6d,https://ci.linkedin.com/jobs/view/civ-commis-de-salle-f-h-at-novotel-hotels-4447191260,CIV - Commis de Salle (F/H),,scraped,2026-08-03T14:05:40.948524,
369756b33ea169d0,https://ci.linkedin.com/jobs/view/technician-at-scania-group-4446159995,Technician,,scraped,2026-08-03T14:05:55.637020,
8725304d79b91ec2,https://ci.linkedin.com/jobs/view/social-performance-supervisor-compensation-and-resettlement-at-endeavour-mining-4444131995,Social Performance Supervisor Compensation and Resettlement,,scraped,2026-08-03T14:06:06.472543,
be23b47ca6a99019,https://ci.linkedin.com/jobs/view/all-about-that-pace-ci-at-powering-change-team-million-makers-4449476580,All About That Pace Ci,Powering Change Team - Million Makers,posted,2026-08-05T12:23:26.443711,650
3ea2e8dc98285b54,https://ci.linkedin.com/jobs/view/data-analytics-business-intelligence-at-cxo-academy-4449074754,Data Analytics & Business Intelligence,CXO Academy,posted,2026-08-05T12:23:35.405619,652
c8a3fe1354ce4ec7,https://ci.linkedin.com/jobs/view/operator-at-the-heineken-company-4448541310,Operator,The HEINEKEN Company,posted,2026-08-05T12:23:49.516429,654
80ce2922d6ad3d21,https://ci.linkedin.com/jobs/view/actionnaire-at-infochap-4449104755,Actionnaire,InfoChap,posted,2026-08-05T12:24:00.277945,656
91a570e04cf52378,https://ci.linkedin.com/jobs/view/safety-health-and-environment-officer-at-infochap-4448584657,"Safety, Health and Environment Officer",InfoChap,posted,2026-08-05T12:24:04.950643,554
5f30d2a3bb95f979,https://ci.linkedin.com/jobs/view/automation-specialist-at-the-heineken-company-4448240866,Automation Specialist,The HEINEKEN Company,posted,2026-08-05T12:24:16.843549,658
4eca68a4a2d01e8a,https://ci.linkedin.com/jobs/view/consultant-experiemented-at-katsu-sas-4448268986,Consultant (Experiemented),,scraped,2026-08-05T12:24:19.432390,
0c4950c18bf7a38d,https://ci.linkedin.com/jobs/view/brand-manager-global-grade-11-at-barloworld-power-angola-4448583925,Brand Manager Global Grade 11,,scraped,2026-08-05T12:24:31.422329,
5dd09235be901dc9,https://ci.linkedin.com/jobs/view/story-teller-at-odixcity-consulting-4444515476,Story teller,Odixcity Consulting,posted,2026-08-05T12:24:46.583452,660
2b926ff6a0acfc9b,https://ci.linkedin.com/jobs/view/legal-manager-at-vivo-energy-4447389461,Legal Manager,,scraped,2026-08-05T12:24:51.237251,
3c58966d91bc0828,https://ci.linkedin.com/jobs/view/junior-accountant-at-digital-opportunity-trust-4449066603,Junior Accountant,,scraped,2026-08-05T12:24:57.765171,
200d6bb4aa564044,https://ci.linkedin.com/jobs/view/business-developer-at-katsu-sas-4448277543,Business Developer,,scraped,2026-08-05T12:25:05.156936,
3f0292d6654fb586,https://ci.linkedin.com/jobs/view/stagiaire-commercial-at-ready-study-go-4446724531,Stagiaire commercial,,scraped,2026-08-05T12:25:11.195766,
dc6b5252bfe483f2,https://ci.linkedin.com/jobs/view/responsable-p%C3%A9dagogique-head-of-education-at-daba-finance-4448631244,Responsable Pédagogique / Head of Education,Daba Finance,posted,2026-08-05T12:25:25.496136,662
c50f1b8a91b1e57b,https://ci.linkedin.com/jobs/view/brewing-shift-supervisor-at-the-heineken-company-4447990987,Brewing Shift Supervisor,The HEINEKEN Company,posted,2026-08-05T12:25:37.174496,664
ba39038476e860c4,https://ci.linkedin.com/jobs/view/chef-de-produit-junior-at-ngser-4449041815,Chef de Produit Junior,,scraped,2026-08-05T12:25:39.864476,
6ed2236d5cabb6d6,https://ci.linkedin.com/jobs/view/stagiaire-community-manager-at-infochap-4448580882,STAGIAIRE COMMUNITY MANAGER,InfoChap,posted,2026-08-05T12:25:49.765256,88
ba01b7ac843cadb8,https://ci.linkedin.com/jobs/view/medical-equipment-sales-representative-at-rotala-international-4446296293,Medical Equipment Sales Representative,Rotala International,posted,2026-08-05T12:25:57.598663,666
33d9d516279eb46c,https://ci.linkedin.com/jobs/view/responsable-trade-finance-at-jobego-4448989885,Responsable Trade Finance,,scraped,2026-08-05T12:26:02.250931,
4a9347929675eacc,https://ci.linkedin.com/jobs/view/charg%C3%A9-e-de-communication-h-f-x-c%C3%B4te-d-ivoire-at-enabel-4447009953,Chargé.e de communication (h/f/x)  - Côte d'Ivoire,,scraped,2026-08-05T12:26:08.454328,
39ef999be43b1f7f,https://ci.linkedin.com/jobs/view/responsable-de-gestion-foresti%C3%A8re-at-africawork-4445508724,Responsable de Gestion Forestière,AfricaWork,posted,2026-08-05T12:26:27.119319,668
cc09d3825ecbdaf7,https://ci.linkedin.com/jobs/view/%C3%A9tude-statistique-appliqu%C3%A9e-%C3%A0-l-hydrologie-at-sorbo-software-4448958402,Étude statistique appliquée à l'hydrologie,,scraped,2026-08-05T12:26:31.823120,
9a58079d7b872628,https://ci.linkedin.com/jobs/view/market-launcher-at-mac-venture-capital-4448312928,Market Launcher,MaC Venture Capital,posted,2026-08-05T12:26:43.704485,670
a9528d7105dad851,https://ci.linkedin.com/jobs/view/commerciaux-b%C3%A9n%C3%A9voles-1-mois-at-infochap-4448596518,commerciaux bénévoles (1 mois),InfoChap,posted,2026-08-05T12:26:52.262885,672
ace647c24dd61e08,https://ci.linkedin.com/jobs/view/commerciale-btp-b2c-at-acoprest-4449497268,Commerciale BTP (B2C),,scraped,2026-08-05T12:26:54.878850,
f8612bea98867a79,https://ci.linkedin.com/jobs/view/pr-tecno-at-infochap-4448583687,PR TECNO,InfoChap,posted,2026-08-05T12:27:10.246233,674
b11ff4d5b8476723,https://ci.linkedin.com/jobs/view/courtier-en-assurance-commercial-at-etg-4448985097,Courtier en Assurance (Commercial),,scraped,2026-08-05T12:27:12.879652,
f7e12ccf24eb2456,https://ci.linkedin.com/jobs/view/ing%C3%A9nieur-e-d%E2%80%99affaires-stage-abidjan-at-datakori-4447348452,Ingénieur(e) d’affaires: STAGE (Abidjan),,scraped,2026-08-05T12:27:19.785644,
208b12380debf75d,https://ci.linkedin.com/jobs/view/conseiller-client-f-h-t%C3%A9l%C3%A9vente-abidjan-fran%C3%A7ais-at-concentrix-4446668517,Conseiller client (F/H)- Télévente - Abidjan - Français,Concentrix,posted,2026-08-05T12:27:32.914845,676
41d6a4eab11986dd,https://ci.linkedin.com/jobs/view/africa-natural-capital-accounting-community-coordinator-at-allied-talent-partners-4441054185,Africa Natural Capital Accounting Community Coordinator,,scraped,2026-08-05T12:27:41.627085,
00a1e0dbd56114fc,https://ci.linkedin.com/jobs/view/ing%C3%A9nieur-etude-environnement-technique-h-f-at-orange-c%C3%B4te-d-ivoire-4448891564,Ingénieur Etude Environnement Technique H/F,Orange Côte d'Ivoire,posted,2026-08-05T12:28:00.347828,678
5f97e6668031387a,https://ci.linkedin.com/jobs/view/commerciale-btp-b2b-at-acoprest-4449499066,Commerciale BTP (B2B),,scraped,2026-08-05T12:28:02.990169,
89bfdc3bc743e44f,https://ci.linkedin.com/jobs/view/administrative-officer-no-2-ta-6-months-%23138173-abidjan-cote-d-ivoire-wcar-at-unicef-chad-4445532622,"Administrative Officer (NO-2), TA (6 months), #138173, Abidjan, Cote d'Ivoire - WCAR",Unicef CHAD,posted,2026-08-05T12:28:18.842066,680
0374bbaf0a1c5b5b,https://ci.linkedin.com/jobs/view/market-research-analyst-interviewer-cote-d-ivoire-at-euromonitor-international-4448290166,"Market Research Analyst & Interviewer, Cote d'ivoire",,scraped,2026-08-05T12:28:21.525426,
5109935faa4918e4,https://ci.linkedin.com/jobs/view/assistant-e-comptable-stagiaire-at-avocet-agri-4447857681,ASSISTANT(E) COMPTABLE STAGIAIRE,,scraped,2026-08-05T12:28:28.320135,
c2821cfa94d16064,https://ci.linkedin.com/jobs/view/nbi-for-ivory-residence-ii-at-stock-estate-4448946308,NBI for Ivory Residence II,,scraped,2026-08-05T12:28:35.924183,
5dc5ccacb9830f2d,https://ci.linkedin.com/jobs/view/stagiaire-at-soci%C3%A9t%C3%A9-g%C3%A9n%C3%A9rale-c%C3%B4te-d-ivoire-4448300876,Stagiaire,,scraped,2026-08-05T12:28:46.140088,
e550ac2d56ad02f8,https://ci.linkedin.com/jobs/view/nbi-for-ivory-residence-at-stock-estate-4447433266,NBI for Ivory Residence,,scraped,2026-08-05T12:28:53.469246,
9580ca3ade1cd7b0,https://ci.linkedin.com/jobs/view/cisse-nadege-at-lta-agency-eood-4449037140,Cisse Nadege,LTA Agency EOOD,posted,2026-08-05T12:29:05.755140,682
6e79014869ce976e,https://ci.linkedin.com/jobs/view/estelle-gnaly-at-lta-agency-eood-4449032242,Estelle Gnaly,LTA Agency EOOD,posted,2026-08-05T12:29:13.489268,684
542cabf5b7779673,https://ci.linkedin.com/jobs/view/group-planning-and-procurement-manager-abidjan-c%C3%B4te-d-ivoire-at-lapaire-4447065839,"Group Planning and Procurement Manager - Abidjan,Côte d'Ivoire",,scraped,2026-08-05T12:29:16.152450,
934da5941651ac50,https://ci.linkedin.com/jobs/view/ida-guehai-at-lta-agency-eood-4449029394,Ida Guehai,LTA Agency EOOD,posted,2026-08-05T12:29:29.259042,686
e3a239ecfff54525,https://ci.linkedin.com/jobs/view/service-engineer-global-grade-12-at-barloworld-power-angola-4448596758,Service Engineer Global Grade 12,,scraped,2026-08-05T12:29:33.840617,
730d1140b85cca84,https://ci.linkedin.com/jobs/view/kpaho-zote-nina-at-lta-agency-eood-4449032251,Kpaho Zote Nina,LTA Agency EOOD,posted,2026-08-05T12:29:48.277804,688
1dd96391ffe5715f,https://ci.linkedin.com/jobs/view/ange-n%E2%80%99guessan-at-lta-agency-eood-4449026732,Ange N’Guessan,LTA Agency EOOD,posted,2026-08-05T12:29:58.054693,690
cca22b1928fcc5eb,https://ci.linkedin.com/jobs/view/digital-developer-at-ay-solutions-academy-4448971401,Digital Developer,,scraped,2026-08-05T12:30:06.676304,
d02e241acf596dbe,https://ci.linkedin.com/jobs/view/inspection-quality-control-safety-security-director-at-gsm-green-sm-4444540454,"Inspection, Quality Control & Safety & Security Director",,scraped,2026-08-05T12:30:17.767076,
ce2039c36d1bbcec,https://ci.linkedin.com/jobs/view/stagiaire-en-ressources-humaines-at-infochap-4448591558,STAGIAIRE EN RESSOURCES HUMAINES,InfoChap,posted,2026-08-05T12:30:30.719698,692
a2dc30b50b19607f,https://ci.linkedin.com/jobs/view/senior-analyste-en-ing%C3%A9nierie-financi%C3%A8re-juridique-et-patrimoniale-h-f-at-jobego-4449101783,"Senior Analyste en Ingénierie Financière, Juridique et Patrimoniale H/F",,scraped,2026-08-05T12:30:33.332036,
484fe6b1431c76ad,https://ci.linkedin.com/jobs/view/stagiaire-call-center-charg%C3%A9-de-promouvoir-les-produits-digitaux-ecobank-c%C3%B4te-d-ivoire-at-jobego-4448987987,Stagiaire call center chargé de promouvoir les produits digitaux - Ecobank Côte d'Ivoire,,scraped,2026-08-05T12:30:39.557333,
17e327aa03ea7166,https://ci.linkedin.com/jobs/view/technicien-at-katsu-sas-4448282190,Technicien,,scraped,2026-08-05T12:30:45.649647,
f9e30d5bcbe5f497,https://ci.linkedin.com/jobs/view/stagiaire-comptable-edc-uemoa-at-jobego-4449104714,Stagiaire Comptable - EDC UEMOA,,scraped,2026-08-05T12:30:51.753507,
b3d5718e1a599cfc,https://ci.linkedin.com/jobs/view/stagiaire-call-center-charg%C3%A9-de-promouvoir-les-produits-digitaux-ecobank-c%C3%B4te-d-ivoire-at-jobego-4449101781,Stagiaire call center chargé de promouvoir les produits digitaux - Ecobank Côte d'Ivoire,,scraped,2026-08-05T12:31:00.075486,
f658690fc56344bc,https://ci.linkedin.com/jobs/view/conseil-rh-ind%C3%A9pendant-at-jobego-4448984983,Conseil RH indépendant,,scraped,2026-08-05T12:31:06.239621,
00184b8d0655d671,https://ci.linkedin.com/jobs/view/good-boy-at-new-kdrama-4449649774,good-boy,,scraped,2026-08-07T06:12:33.105738,
20ce2a7263119f5d,https://ci.linkedin.com/jobs/view/annonce-recrutement-dcbr-2025-at-depositaire-central-banque-de-reglement-4449652650,ANNONCE RECRUTEMENT DCBR 2025,DEPOSITAIRE CENTRAL/BANQUE DE REGLEMENT,posted,2026-08-07T06:12:48.651856,694
6be3bd15e55f528b,https://ci.linkedin.com/jobs/view/good-boy-kdrama-at-new-kdrama-4449655663,good-boy-kdrama,,scraped,2026-08-07T06:12:53.055746,
2e1d27778bb11577,https://ci.linkedin.com/jobs/view/proposal-genie-at-portal4ai-4449609163,Proposal Genie,Portal4AI,posted,2026-08-07T06:13:05.976918,696
54480b6e34f1f4a7,https://ci.linkedin.com/jobs/view/digitalisation-des-op%C3%A9rations-du-march%C3%A9-primaire-at-depositaire-central-banque-de-reglement-4449665469,Digitalisation des opérations du marché primaire,DEPOSITAIRE CENTRAL/BANQUE DE REGLEMENT,posted,2026-08-07T06:13:19.650572,698
36fa30646c756eb3,https://ci.linkedin.com/jobs/view/jessica-emmanuella-aby-at-lta-agency-eood-4449034188,Jessica Emmanuella Aby,LTA Agency EOOD,posted,2026-08-07T06:13:32.003830,700
3b19a21f6a85eb7b,https://ci.linkedin.com/jobs/view/charg%C3%A9-e-de-l-insertion-professionnelle-at-africa-digital-academy-4445510949,CHARGÉ(E) DE L'INSERTION PROFESSIONNELLE,Africa Digital Academy,posted,2026-08-07T06:13:43.028979,702
18ed20cda926c5e2,https://ci.linkedin.com/jobs/view/sp%C3%A9cialiste-des-op%C3%A9rations-de-pr%C3%A9paration-des-commandes-c%C3%B4te-d-ivoire-at-zipline-4449933523,"Spécialiste des Opérations de Préparation des Commandes, Côte d'Ivoire",Zipline,posted,2026-08-07T06:13:54.109215,704
be5a4c4d943d73b3,https://ci.linkedin.com/jobs/view/operations-people-manager-%E2%80%93-artefact-c%C3%B4te-d%E2%80%99ivoire-at-artefact-4449047714,Operations & People Manager –  Artefact Côte d’Ivoire,,scraped,2026-08-07T06:13:56.740451,
f1559c029b2f0cfa,https://ci.linkedin.com/jobs/view/head-of-marketplace-at-gsm-green-sm-4449989138,Head of Marketplace,,scraped,2026-08-07T06:14:04.766451,
1f3c71dde8f705ae,https://ci.linkedin.com/jobs/view/qa-qc-civil-inspector-at-kt-kinetics-technology-4445504612,QA/QC CIVIL INSPECTOR,,scraped,2026-08-07T06:14:13.467222,
d9dfe00c21d1df7f,https://ci.linkedin.com/jobs/view/op%C3%A9rateur-polyvalent-op%C3%A9rations-de-vol-et-logistique-c%C3%B4te-d-ivoire-at-zipline-4449003857,"Opérateur Polyvalent (opérations de vol et logistique), Côte d'Ivoire",Zipline,posted,2026-08-07T06:14:27.883020,706
2bb2da48fe9b1fdd,https://ci.linkedin.com/jobs/view/https-restaurantsmalta-com-restaurant-rubino-at-restaurantsmalta-4449452794,https://restaurantsmalta.com/restaurant/rubino/,,scraped,2026-08-07T06:14:30.615813,
dd6897c3158eece4,https://ci.linkedin.com/jobs/view/site-supervisor-at-jmg-limited-4446602982,Site Supervisor,,scraped,2026-08-07T06:14:40.149938,
1af57fa3c9d0b7ce,https://ci.linkedin.com/jobs/view/%F0%9D%90%80%F0%9D%90%AC%F0%9D%90%AC%F0%9D%90%A2%F0%9D%90%AC%F0%9D%90%AD%F0%9D%90%9A%F0%9D%90%A7%F0%9D%90%AD-%F0%9D%90%9E-%F0%9D%90%93%F0%9D%90%9E%F0%9D%90%9C%F0%9D%90%A1%F0%9D%90%A7%F0%9D%90%A2%F0%9D%90%AA%F0%9D%90%AE%F0%9D%90%9E-at-ay-solutions-academy-4448976348,𝐀𝐬𝐬𝐢𝐬𝐭𝐚𝐧𝐭(𝐞) 𝐓𝐞𝐜𝐡𝐧𝐢𝐪𝐮𝐞,,scraped,2026-08-07T06:14:46.708718,
f119f701c0fd6bfc,https://ci.linkedin.com/jobs/view/business-developer-africa-%E2%80%93-mining-software-at-eo-consulting-4449125671,Business Developer Africa – Mining software,,scraped,2026-08-07T06:14:53.895647,
53b380d995956843,https://ci.linkedin.com/jobs/view/brand-marketing-specialist-at-liugong-machinery-4446231891,Brand & Marketing Specialist,LiuGong Machinery,posted,2026-08-07T06:15:17.449926,708
f7b4d90f1a21c494,https://ci.linkedin.com/jobs/view/technicien-automobile-h-f-at-ay-solutions-academy-4448959477,TECHNICIEN AUTOMOBILE H/F,,scraped,2026-08-07T06:15:20.085152,
54d8ce5f3498df7f,https://ci.linkedin.com/jobs/view/west-africa-human-rights-manager-at-cargill-4448479697,West Africa Human Rights Manager,Cargill,posted,2026-08-07T06:15:35.405988,710
8d2bbf68b25a0b43,https://ci.linkedin.com/jobs/view/head-of-learning-cultural-development-engagement-at-gsm-green-sm-4448096837,"Head of Learning, Cultural Development & Engagement",,scraped,2026-08-07T06:15:40.056743,
420059ffd9caecca,https://ci.linkedin.com/jobs/view/enseignant-histoire-geographie-abidjan-at-enko-education-4447529567,Enseignant Histoire & Geographie - Abidjan,Enko Education,posted,2026-08-07T06:15:56.141783,712
1c2f1bd2f432433d,https://ci.linkedin.com/jobs/view/project-leader-%E2%80%93-abidjan-at-africa-career-desk-4448051521,Project Leader – Abidjan,,scraped,2026-08-07T06:15:58.812769,
26d8c02dd7350703,https://ci.linkedin.com/jobs/view/site-solutions-manager-at-caterpillar-inc-4447017308,Site Solutions Manager,Caterpillar Inc.,posted,2026-08-07T06:16:13.364688,714
c67ea45c92a48f7d,https://ci.linkedin.com/jobs/view/charg%C3%A9-e-de-gestion-middle-office-garanties-proparco-at-africa-career-desk-4448035652,Chargé.e de gestion Middle Office Garanties - PROPARCO,,scraped,2026-08-07T06:16:16.020170,
18619a7e819f0007,https://ci.linkedin.com/jobs/view/menuisier-exp%C3%A9riment%C3%A9-at-fabrique-ivorienne-de-parquet-fip-4450285528,Menuisier Expérimenté,Fabrique Ivorienne De Parquet (FIP),posted,2026-08-07T06:16:32.180098,716
2cb7fdff2a19d04c,https://ci.linkedin.com/jobs/view/regional-hse-lead-exploration-at-endeavour-mining-4446668564,Regional HSE Lead - Exploration,,scraped,2026-08-07T06:16:36.920106,
dc09ae59fa82f309,https://ci.linkedin.com/jobs/view/project-management-officer-pmo-at-jobego-4448994869,PROJECT MANAGEMENT OFFICER (PMO),,scraped,2026-08-07T06:16:44.874595,
076833f30f18948c,https://ci.linkedin.com/jobs/view/sap-s4-hana-fi-co-manager-support-et-d%C3%A9ploiement-h-f-at-africa-global-logistics-4445503122,SAP S4/HANA - FI/CO Manager support et déploiement H/F,Africa Global Logistics,posted,2026-08-07T06:17:05.654200,718
5d66878bd325e212,https://ci.linkedin.com/jobs/view/programme-management-assistant-at-un-environment-programme-4449364524,PROGRAMME MANAGEMENT ASSISTANT,,scraped,2026-08-07T06:17:08.391943,
22bb810c240e672c,https://ci.linkedin.com/jobs/view/desktop-support-engineer-at-tech-zone-llc-4448436890,Desktop Support Engineer,Tech Zone LLC,posted,2026-08-07T06:17:28.368059,720
3638e953f88ab3d7,https://ci.linkedin.com/jobs/view/representative-cote-d-ivoire-d1-at-united-nations-population-fund-unfpa-4448240602,"Representative, Cote d'Ivoire, D1",United Nations Population Fund (UNFPA),posted,2026-08-07T06:17:37.428970,722
8714f1a46ff68900,https://ci.linkedin.com/jobs/view/ehv-commissioning-engineer-at-aggreko-4441448203,EHV Commissioning Engineer,,scraped,2026-08-07T06:17:42.077642,
23857753e5fcd642,https://ci.linkedin.com/jobs/view/project-manager-at-earthworm-foundation-4445871832,Project Manager,,scraped,2026-08-07T06:17:48.656962,
70de1053d215ff61,https://ci.linkedin.com/jobs/view/cr%C3%A9ateur-de-contenu-at-loupt-powered-by-findora-4450254215,Créateur de contenu,Loupt ( Powered by findora ),posted,2026-08-07T06:18:04.067886,724
aeea26c38ace3dc2,https://ci.linkedin.com/jobs/view/bar%C3%A7a-s-bold-victory-cancelo-says-atletico-play-aggressively-like-their-coach-at-aballou-4449456387,Barça's Bold Victory: Cancelo Says Atletico Play Aggressively Like Their Coach,Aballou,posted,2026-08-07T06:18:14.297537,726
aaa2f7046668fe34,https://ci.linkedin.com/jobs/view/ing%C3%A9nieur-calcul-structure-abidjan-f-h-at-b-hive-engineering-4439798447,Ingénieur Calcul Structure - Abidjan F/H,,scraped,2026-08-07T06:18:18.989770,
269c5c84854e360f,https://ci.linkedin.com/jobs/view/free-fee-spree-july-24-at-the-naples-press-4449485227,Free Fee Spree: July 24,The Naples Press,posted,2026-08-07T06:18:31.117571,728
7d647f59c1e188b8,https://ci.linkedin.com/jobs/view/food-service-worker-canada-at-hirez-manpower-solutions-inc-4448581890,Food Service Worker (Canada),,scraped,2026-08-07T06:18:35.869524,
837d2a880cacbdf0,https://ci.linkedin.com/jobs/view/transcriptionist-at-firstsource-4449105296,Transcriptionist,,scraped,2026-08-07T06:18:44.818888,
921b4d6512c7990a,https://ci.linkedin.com/jobs/view/stagiaire-comptable-at-solevo-group-4448540886,Stagiaire Comptable,,scraped,2026-08-07T06:18:53.823541,
4e8832c8d94644a0,https://ci.linkedin.com/jobs/view/stagiaire-d%C3%A9veloppement-web-visualisation-de-donn%C3%A9es-at-maison-douce-4450225351,Stagiaire Développement Web & Visualisation de Données,maison douce,posted,2026-08-07T06:19:11.575464,730
49fbebfc540185f6,https://ci.linkedin.com/jobs/view/revenu-assurance-at-ngser-4449037824,Revenu Assurance,,scraped,2026-08-07T06:19:14.323196,
e10eb9ca16f0048e,https://ci.linkedin.com/jobs/view/stagiaire-m%C3%A9cano-soudeur-at-solevo-group-4448559039,Stagiaire Mécano-Soudeur,,scraped,2026-08-07T06:19:22.443737,
9ab900d5735e0c16,https://ci.linkedin.com/jobs/view/graphiste-4449945441,Graphiste,Afriera Xperience,posted,2026-08-07T06:19:35.525713,732
ca7dbd06cf05da79,https://ci.linkedin.com/jobs/view/accounting-reference-accountant-at-eni-4447570290,Accounting Reference (Accountant),,scraped,2026-08-07T06:19:38.150395,
23d43b5d812cbe5d,https://ci.linkedin.com/jobs/view/%C3%A9tude-m%C3%A9canique-des-plaques-at-sorbo-software-4448965232,Étude mécanique des plaques,,scraped,2026-08-07T06:19:50.885431,
c964c1a737e7d417,https://ci.linkedin.com/jobs/view/remote-business-account-rater-french-at-turing-4447183453,Remote Business Account Rater - French,Turing,posted,2026-08-07T06:20:00.064912,386
9b52be1dcde8569d,https://ci.linkedin.com/jobs/view/des-sp%C3%A9cialistes-en-s%C3%A9curit%C3%A9-et-r%C3%A9seaux-h-f-at-cifip-4447342378,DES SPÉCIALISTES EN SÉCURITÉ ET RÉSEAUX (H/F),CIFIP,posted,2026-08-07T06:20:09.550572,734
92b71035cf1325ce,https://ci.linkedin.com/jobs/view/ami-prisca-diallo-at-lta-agency-eood-4449035179,Ami Prisca Diallo,LTA Agency EOOD,posted,2026-08-07T06:20:20.207332,736
163a928668190d56,https://ci.linkedin.com/jobs/view/technicien-de-maintenance-a%C3%A9ronautique-c%C3%B4te-d-ivoire-at-zipline-4448863047,"Technicien de Maintenance Aéronautique, Côte d'Ivoire",Zipline,posted,2026-08-07T06:20:29.750571,738
a747d69d9c3a0645,https://ci.linkedin.com/jobs/view/marketing-and-brand-copy-writer-global-grade-11-at-barloworld-power-angola-4448900721,Marketing and Brand Copy Writer Global Grade 11,,scraped,2026-08-07T06:20:32.482337,
87b8aa0885c01c4e,https://ci.linkedin.com/jobs/view/ing%C3%A9nieur-maintenance-at-infochap-4448904379,Ingénieur Maintenance,InfoChap,posted,2026-08-07T06:20:49.894072,740
6058d42a8667fab5,https://ci.linkedin.com/jobs/view/expert-int%C3%A9gration-at-jobego-4449106136,Expert intégration,,scraped,2026-08-07T06:20:54.533070,
d7d4d23d8f5b90f1,https://ci.linkedin.com/jobs/view/senior-liquidity-management-specialist-at-jobego-4448991893,Senior Liquidity Management Specialist,,scraped,2026-08-07T06:21:01.053020,
90f1a47da546a39e,https://ci.linkedin.com/jobs/view/contr%C3%B4leur-de-gestion-rh-h-f-at-infochap-4448588564,Contrôleur de Gestion RH (H/F),InfoChap,posted,2026-08-07T06:21:17.028707,742
c3cc32d72252a564,https://ci.linkedin.com/jobs/view/opticien-ne-stagiaire-cote-d-ivoire-at-lapaire-4448887150,"Opticien(ne) Stagiaire, Cote d'Ivoire",,scraped,2026-08-07T06:21:19.757145,
4857e8d18d9afd9e,https://ci.linkedin.com/jobs/view/superviseur-ligne-de-moteur-team-leader-engine-lines-at-rolls-royce-4448897430,Superviseur - Ligne de moteur / Team Leader - Engine Lines,,scraped,2026-08-07T06:21:28.049481,
111f17775b986af3,https://ci.linkedin.com/jobs/view/technicien-en-r%C3%A9paration-de-moteurs-d-avion-aeroengine-repair-technician-at-rolls-royce-4368393532,Technicien en réparation de moteurs d'avion / Aeroengine Repair Technician,,scraped,2026-08-07T06:21:35.297982,
438a24463ca89f20,https://ci.linkedin.com/jobs/view/marketing-manager-at-infochap-4448582782,Marketing Manager,InfoChap,posted,2026-08-07T06:21:49.352741,744
603beec076a79001,https://ci.linkedin.com/jobs/view/techniciens-monteur-ascenseur-at-infochap-4449328392,TECHNICIENS MONTEUR ASCENSEUR,InfoChap,posted,2026-08-07T06:21:58.418749,746
c5536f469ae6a107,https://ci.linkedin.com/jobs/view/assistant-e-comptable-stagiaire-at-infochap-4448590553,Assistant(e) comptable stagiaire,InfoChap,posted,2026-08-07T06:22:07.873893,748
d126e80c35ccf15f,https://ci.linkedin.com/jobs/view/stagiaire-post-control-monitoring-direction-des-engagements-ecobank-c%C3%B4te-d-ivoire-at-jobego-4448988878,STAGIAIRE POST CONTROL & MONITORING - Direction des Engagements Ecobank Côte d'Ivoire,,scraped,2026-08-07T06:22:10.478470,
7983db2fcaa6ac1d,https://ci.linkedin.com/jobs/view/agent-rescenceur-at-infochap-4448582784,AGENT RESCENCEUR,InfoChap,posted,2026-08-07T06:22:23.446198,750
ed9b9a784f007653,https://ci.linkedin.com/jobs/view/monteuse-vid%C3%A9o-cr%C3%A9atrice-de-contenu-at-infochap-4448593546,Monteuse Vidéo & Créatrice de Contenu,InfoChap,posted,2026-08-07T06:22:33.249709,752
fa83295402522dee,https://ci.linkedin.com/jobs/view/partenaire-revendeur-at-jobego-4449105158,Partenaire Revendeur,,scraped,2026-08-07T06:22:35.905680,
f2514e7d69286178,https://ci.linkedin.com/jobs/view/marketing-communication-assistant-at-katsu-sas-4448269959,Marketing & Communication assistant,,scraped,2026-08-07T06:22:42.385143,
f25c174f833f82b8,https://ci.linkedin.com/jobs/view/ing%C3%A9nieur-rf-rf-engineer-at-infochap-4448580879,Ingénieur RF (RF Engineer),InfoChap,posted,2026-08-07T06:22:55.843553,754
fa8862d829801268,https://ci.linkedin.com/jobs/view/formateur-rice-technique-f-h-at-vinci-4449051512,Formateur/rice technique F/H,,scraped,2026-08-07T06:22:58.501316,
074eb3ff47f46720,https://ci.linkedin.com/jobs/view/stagiaire-at-soci%C3%A9t%C3%A9-g%C3%A9n%C3%A9rale-c%C3%B4te-d-ivoire-4448197852,Stagiaire,,scraped,2026-08-07T06:23:07.684795,
52f1992e35217dd2,https://ci.linkedin.com/jobs/view/lucky-neko-at-south-shore-holdings-limited-4451079896,Lucky Neko,,scraped,2026-08-09T05:51:27.228924,
0fd5692f2624277c,https://ci.linkedin.com/jobs/view/c%C3%B4te-d-ivoire-at-teamed-4451067044,Côte d'Ivoire,,scraped,2026-08-09T05:51:33.848086,
d53d8cecb2f0f52d,https://ci.linkedin.com/jobs/view/good-boy-review-at-new-kdrama-4449651711,good-boy-review,,scraped,2026-08-09T05:51:46.718074,
894a52b2bc790648,https://ci.linkedin.com/jobs/view/controleur-permanent-oci-at-ay-solutions-academy-4450574564,CONTROLEUR PERMANENT OCI,,scraped,2026-08-09T05:51:52.994012,
0f044a37e38bbfcf,https://ci.linkedin.com/jobs/view/bookkeeper-at-rimon-4451303969,Bookkeeper,,scraped,2026-08-09T05:52:00.687348,
12dc733fb810c814,https://ci.linkedin.com/jobs/view/cisse-matoba-at-lta-agency-eood-4449039107,Cisse Matoba,LTA Agency EOOD,posted,2026-08-09T05:52:18.945307,756
50aa26b0513a0ce7,https://ci.linkedin.com/jobs/view/responsable-mat%C3%A9riel-f-h-at-vinci-4449046855,Responsable matériel F/H,VINCI,posted,2026-08-09T05:52:34.272471,758
b7852b6fe655c6f5,https://ci.linkedin.com/jobs/view/business-development-representative-structured-finance-at-caterpillar-inc-4449636721,Business Development Representative - Structured Finance,Caterpillar Inc.,posted,2026-08-09T05:52:45.235364,760
623c9d23b99eaa62,https://ci.linkedin.com/jobs/view/communications-specialist-global-grade-11-at-barloworld-power-angola-4448595794,Communications Specialist Global Grade 11,,scraped,2026-08-09T05:52:47.880980,
c482a58d2f68d1fc,https://ci.linkedin.com/jobs/view/certified-flight-instructor-cfi-at-skywarrior-flight-training-llc-4449213754,Certified Flight Instructor (CFI),Skywarrior Flight Training LLC,posted,2026-08-09T05:53:20.088026,762
7952b4dd19ccb085,https://ci.linkedin.com/jobs/view/responsable-rh-moyens-g%C3%A9n%C3%A9raux-at-li%C3%A9e-sarl-4449962274,RESPONSABLE RH & MOYENS GÉNÉRAUX,,scraped,2026-08-09T05:53:26.735083,
3ecbb98f3af462be,https://ci.linkedin.com/jobs/view/regional-ppp-manager-africa-north-west-and-central-africa-req37955-at-ifc-international-finance-corporation-4450604538,"Regional PPP Manager, Africa (North, West and Central Africa) - req37955",IFC - International Finance Corporation,posted,2026-08-09T05:53:40.958250,764
9792c8715b91fc52,https://ci.linkedin.com/jobs/view/responsable-du-service-entretien-et-moyens-g%C3%A9n%C3%A9raux-h-f-at-fabrique-ivorienne-de-parquet-fip-4450273828,RESPONSABLE DU SERVICE ENTRETIEN ET MOYENS GÉNÉRAUX (H/F),Fabrique Ivorienne De Parquet (FIP),posted,2026-08-09T05:53:51.984342,766
45be907ef0050af1,https://ci.linkedin.com/jobs/view/%C2%A0%C2%A0-responsable-communication-at-witti-finances-c%C3%B4te-d-ivoire-4450074501,RESPONSABLE COMMUNICATION,,scraped,2026-08-09T05:53:54.560477,
c0bd9bc773f656ec,https://ci.linkedin.com/jobs/view/heating-ventilation-and-air-conditioning-technician-at-jmg-limited-4446600826,"Heating, Ventilation, and Air Conditioning Technician",,scraped,2026-08-09T05:54:06.421464,
025e43e171868c3b,https://ci.linkedin.com/jobs/view/medical-officer-at-m%C3%A9decins-sans-fronti%C3%A8res-belgium-4450087792,Medical Officer,,scraped,2026-08-09T05:54:17.324022,
428a3054af541b93,https://ci.linkedin.com/jobs/view/supply-chain-supervisor-m-f-at-mota-engil-4450654102,Supply Chain Supervisor (m/f),,scraped,2026-08-09T05:54:24.973808,
7aef56a68c160a65,https://ci.linkedin.com/jobs/view/technical-translator-english-french-at-prime-frontier-group-4446664289,Technical Translator (English/French),Prime Frontier Group,posted,2026-08-09T05:54:38.059577,768
4d3cc58e02e2ee6e,https://ci.linkedin.com/jobs/view/directeur-directrice-de-semences-h-f-at-confidential-careers-4449204089,Directeur / Directrice de Semences (H/F),Confidential Careers,posted,2026-08-09T05:54:51.103518,770
5e580a6e9954ca84,https://ci.linkedin.com/jobs/view/associate-fusion-acquisition-f-h-fr878577-at-morgan-philips-executive-search-4448273722,Associate Fusion-Acquisition F/H - FR878577,,scraped,2026-08-09T05:54:53.869973,
2d748198c810d5ec,https://ci.linkedin.com/jobs/view/country-representative-c%C3%B4te-d%E2%80%99ivoire-at-worldfish-4450210646,"Country Representative, Côte d’Ivoire",WorldFish,posted,2026-08-09T05:55:13.648374,772
667ed51937250fc2,https://ci.linkedin.com/jobs/view/network-engagement-director-africa-region-at-teach-for-all-4446222510,Network Engagement Director (Africa Region),Teach For All,posted,2026-08-09T05:55:24.800725,774
39c0b09fdfd4e63d,https://ci.linkedin.com/jobs/view/supervisor-de-supply-chain-m-f-at-mota-engil-4450641400,Supervisor de Supply Chain (m/f),,scraped,2026-08-09T05:55:31.458107,
dfcde9e1ad36b209,https://ci.linkedin.com/jobs/view/charg%C3%A9-e-d-affaires-senior-secteur-energie-h-f-at-soci%C3%A9t%C3%A9-g%C3%A9n%C3%A9rale-c%C3%B4te-d-ivoire-4450267048,Chargé(e) d'Affaires Senior (Secteur Energie) H/F,,scraped,2026-08-09T05:55:41.949180,
39b7f644906afc36,https://ci.linkedin.com/jobs/view/legal-manager-edc-francophone-cluster-at-ecobank-transnational-incorporated-4449126338,Legal Manager - EDC Francophone Cluster,,scraped,2026-08-09T05:55:53.684313,
eca939d9bae96f1c,https://ci.linkedin.com/jobs/view/m%C3%A9decin-biologiste-exp%C3%A9riment%C3%A9-en-pma-at-jobs-groupe-farah-4449611016,Médecin Biologiste Expérimenté en PMA,Jobs Groupe Farah,posted,2026-08-09T05:56:14.215605,776
f9d65a2ff9975dc9,https://ci.linkedin.com/jobs/view/stagiaire-d%C3%A9veloppement-durable-et-inclusif-at-undp-careers-4449618655,Stagiaire Développement Durable et Inclusif,UNDP Careers,posted,2026-08-09T05:56:25.733510,778
ff5065d7d9a0838c,https://ci.linkedin.com/jobs/view/d%C3%A9veloppement-commercial-at-ebriweb-4450723785,Développement commercial,Ebriweb,posted,2026-08-09T05:56:37.594843,780
c6ebe8ee640ba99a,https://ci.linkedin.com/jobs/view/agent-commercial-terrain-exp%C3%A9riment%C3%A9-at-xikka-4451098216,Agent Commercial Terrain Expérimenté,Xikka,posted,2026-08-09T05:56:52.965344,782
9e5a379c9d910f7c,https://ci.linkedin.com/jobs/view/freelance-transcriptionist-%E2%80%94-akan-at-perle-4450568911,Freelance Transcriptionist — Akan,Perle,posted,2026-08-09T05:57:03.200511,784
4bb979f51a20f9bc,https://ci.linkedin.com/jobs/view/rita-akaffou-at-lta-agency-eood-4449036180,Rita Akaffou,LTA Agency EOOD,posted,2026-08-09T05:57:15.730773,786
c34f7aee64bbe9af,https://ci.linkedin.com/jobs/view/coordinateur-trice-des-partenariats-c%C3%B4te-d-ivoire-at-zipline-4450728809,"Coordinateur(trice) des Partenariats, Côte d'Ivoire",Zipline,posted,2026-08-09T05:57:29.763030,788
e383483d8f68bd3d,https://ci.linkedin.com/jobs/view/assistante-sociale-at-infochap-4450908132,Assistante sociale,InfoChap,posted,2026-08-09T05:57:39.948055,790
6b376e0a5e92de5c,https://ci.linkedin.com/jobs/view/superviseur-des-installations-c%C3%B4te-d-ivoire-at-zipline-4449923614,"Superviseur des Installations, Côte d'Ivoire",Zipline,posted,2026-08-09T05:57:50.298803,792
1f2981534c2f1827,https://ci.linkedin.com/jobs/view/responsable-maintenance-yamoussoukro-at-cifip-4449634885,RESPONSABLE MAINTENANCE (YAMOUSSOUKRO),CIFIP,posted,2026-08-09T05:57:59.244701,794
552b4fcf9db2952b,https://ci.linkedin.com/jobs/view/tunnel-manager-afrique-f-h-f-h-at-vinci-4449043966,Tunnel Manager - Afrique F/H F/H,VINCI,posted,2026-08-09T05:58:14.070230,796
53e58e6e52b19496,https://ci.linkedin.com/jobs/view/operations-readiness-program-manager-c%C3%B4te-d-ivoire-at-zipline-4440959516,"Operations Readiness Program Manager, Côte d'Ivoire",Zipline,posted,2026-08-09T05:58:23.857746,798
6481d72fafe68156,https://ci.linkedin.com/jobs/view/senior-treasury-sales-officer-at-jobego-4448986930,Senior treasury sales officer,,scraped,2026-08-09T05:58:26.519132,
ec9d99fbdc71aaf3,https://ci.linkedin.com/jobs/view/directeur-r%C3%A9gional-global-markets-ci-uemoa-at-jobego-4448993825,Directeur Régional Global Markets CI & UEMOA,,scraped,2026-08-09T05:58:33.013372,
f1f593e4d357af5b,https://ci.linkedin.com/jobs/view/charg%C3%A9-e-d%E2%80%99affaires-en-%F0%9D%97%96%F0%9D%97%97%F0%9D%97%9C-at-jobego-4448992883,Chargé(e) d’Affaires en 𝗖𝗗𝗜,,scraped,2026-08-09T05:58:39.600751,
893558d57fa81ba7,https://ci.linkedin.com/jobs/view/ing%C3%A9nieur-projet-maintenance-junior-at-infochap-4450908131,Ingénieur Projet maintenance junior,InfoChap,posted,2026-08-09T05:58:53.969881,800
a677d86acef0536c,https://ci.linkedin.com/jobs/view/junior-investment-consultant-lusophone-compact-initiative-pisd-at-africa-career-desk-4448055520,Junior Investment Consultant - Lusophone Compact Initiative (PISD),,scraped,2026-08-09T05:58:56.517029,
57b65841d8cfd426,https://ci.linkedin.com/jobs/view/commercial-acier-mj002152-at-sunda-international-4448325362,Commercial acier (MJ002152),,scraped,2026-08-09T05:59:02.591243,
f747e00092eb2ebd,https://ci.linkedin.com/jobs/view/senior-sales-engineer-at-jmg-limited-4446635557,Senior Sales Engineer,,scraped,2026-08-09T05:59:12.926254,
05022190a61e46f3,https://ci.linkedin.com/jobs/view/conseil-rh-ind%C3%A9pendant-at-jobego-4448996830,Conseil RH Indépendant,,scraped,2026-08-09T05:59:19.502877,
d41a68553f4992cc,https://ci.linkedin.com/jobs/view/tolier-automobile-at-infochap-4448764981,TOLIER AUTOMOBILE,InfoChap,posted,2026-08-09T05:59:32.787262,802
3bcb9897e921ae70,https://ci.linkedin.com/jobs/view/emergency-response-team-officer-at-endeavour-mining-4449571268,Emergency Response Team Officer,,scraped,2026-08-11T05:57:21.847937,
beb69f60a5c60089,https://ci.linkedin.com/jobs/view/opticien-lunetier-h-f-at-ideal%E2%80%99optic-c%C3%B4te-d%E2%80%99ivoire-4449514441,Opticien-lunetier (H/F),,scraped,2026-08-11T05:57:43.346512,
88a138f8d17e5d1a,https://ci.linkedin.com/jobs/view/steel-traders-cote-d-ivoire-4451513032,Steel Traders - Cote d'Ivoire,"C&D Steel International Trading Cao., Limited",posted,2026-08-11T05:57:56.602997,804
765ff5f9d15e88a5,https://ci.linkedin.com/jobs/view/hairstylist-4449234466,Hairstylist,The One Barbershop,posted,2026-08-11T05:58:10.544680,806
025ba92205db838c,https://ci.linkedin.com/jobs/view/helicopter-engineers-4448851386,HELICOPTER ENGINEERS,INTER AERO BUSINESS,posted,2026-08-11T05:58:27.588003,808
b8edd9f3ba4b0554,https://ci.linkedin.com/jobs/view/product-support-engineer-at-sandvik-4449215013,Product Support Engineer,,scraped,2026-08-11T05:58:32.256317,
2e82d9cf08479359,https://ci.linkedin.com/jobs/view/regional-cio-francophone-west-africa-ecobank-c%C3%B4te-d-ivoire-at-jobego-4448995869,Regional CIO Francophone West Africa - Ecobank Côte d'ivoire,,scraped,2026-08-11T05:58:39.378751,
cc05ce5290cb0fb6,https://ci.linkedin.com/jobs/view/sales-manager-at-siemens-energy-4451408629,Sales Manager,Siemens Energy,posted,2026-08-11T05:58:49.593874,76
fa38c3f352313e81,https://ci.linkedin.com/jobs/view/office-manager-assistant-comptable-at-modena-finances-corporation-4450754690,Office Manager / Assistant Comptable,,scraped,2026-08-11T05:58:52.176997,
898ae36d8844f85b,https://ci.linkedin.com/jobs/view/help-desk-technician-at-sharp-brains-solutions-4448088119,Help Desk Technician,,scraped,2026-08-11T05:58:59.992581,
fbf6aef32552be16,https://ci.linkedin.com/jobs/view/charg%C3%A9-e-s-d%E2%80%99affaires-junior-at-witti-finances-c%C3%B4te-d-ivoire-4450077439,CHARGÉ(E)S D’AFFAIRES JUNIOR,,scraped,2026-08-11T05:59:06.756423,
616df12fca642319,https://ci.linkedin.com/jobs/view/senior-marketing-manager-at-wave-gambia-4452157641,Senior Marketing Manager,Wave Gambia,posted,2026-08-11T05:59:26.401062,810
b6037bd575e0c245,https://ci.linkedin.com/jobs/view/responsable-march%C3%A9-adjoint-n%C3%A9goce-et-agroalimentaire-h-f-at-soci%C3%A9t%C3%A9-g%C3%A9n%C3%A9rale-c%C3%B4te-d-ivoire-4451544039,Responsable Marché Adjoint Négoce et Agroalimentaire H/F,,scraped,2026-08-11T05:59:29.083166,
52cf6a74d59df8bf,https://ci.linkedin.com/jobs/view/plateau-espadrilles-jeans-%2B-spitze-at-espadrilles-sommerlatschen-4449643786,Plateau Espadrilles Jeans + Spitze,,scraped,2026-08-11T05:59:36.443569,
505bcba248868c1e,https://ci.linkedin.com/jobs/view/testeur-moteurs-d-aeronef-classe-b-tester-aircraft-engines-class-b-at-rolls-royce-4375035202,"Testeur - Moteurs d'aeronef, Classe B / Tester - Aircraft Engines, Class B",,scraped,2026-08-11T05:59:51.006550,
2b5654be1c1b8673,https://ci.linkedin.com/jobs/view/team-tieme-at-mutua-marathon-4449648512,team Tieme,Mutua Marathon,posted,2026-08-11T06:00:11.273593,812
736ede24e1d11044,https://ci.linkedin.com/jobs/view/ing%C3%A9nieur-calcul-structure-abidjan-f-h-at-b-hive-engineering-4451506304,Ingénieur Calcul Structure - Abidjan F/H,,scraped,2026-08-11T06:00:15.922094,
9b0f56111a648a26,https://ci.linkedin.com/jobs/view/hse-specialist-intern-at-slb-4451616513,HSE Specialist Intern,SLB,posted,2026-08-11T06:00:29.652110,814
f7730db6ef023055,https://ci.linkedin.com/jobs/view/head-of-research-centre-based-in-sumatra-indonesia-at-confidential-hires-4451610096,"Head of Research Centre, based in Sumatra Indonesia",Confidential Hires,posted,2026-08-11T06:00:41.389289,816
3d88a64c9eb91099,https://ci.linkedin.com/jobs/view/commercial-junior-at-efarm-4452063922,Commercial junior,,scraped,2026-08-11T06:00:49.923413,
e97e0f57229e578c,https://ci.linkedin.com/jobs/view/stagiaire-4452062038,Stagiaire,Groupe Marie lo immobilier et services,posted,2026-08-11T06:01:10.473958,818
3e56f9e9cf979514,https://ci.linkedin.com/jobs/view/stage-pfe-charg%C3%A9-e-de-pilotage-administratif-et-financier-at-soci%C3%A9t%C3%A9-g%C3%A9n%C3%A9rale-african-business-services-4054601516,Stage PFE : Chargé(e) de pilotage administratif et financier,,scraped,2026-08-11T06:01:13.083517,
75389cd712278c4b,https://ci.linkedin.com/jobs/view/data-engineer-stage-pr%C3%A9-embauche-abidjan-at-datakori-4447338832,Data Engineer: Stage Pré-embauche (Abidjan),,scraped,2026-08-11T06:01:25.344645,
2ba56abc506f45f9,https://ci.linkedin.com/jobs/view/agent-de-livraison-mj002203-at-sunda-international-4451517030,Agent de Livraison (MJ002203),,scraped,2026-08-11T06:01:47.722368,
8b10e0d20ba92dd7,https://ci.linkedin.com/jobs/view/conseiller-%C3%A8re-relation-client-c%C3%B4te-d-ivoire-at-zipline-4449978989,"Conseiller(ère) Relation Client, Côte d'Ivoire",Zipline,posted,2026-08-11T06:02:08.555550,820
2baccdeef3b5c84f,https://ci.linkedin.com/jobs/view/data-analyst-%E2%80%93-mining-technical-services-at-infochap-4451149309,DATA ANALYST – MINING TECHNICAL SERVICES,InfoChap,posted,2026-08-11T06:02:25.241676,822
e5f996c9dc70d19d,https://ci.linkedin.com/jobs/view/assistant-e-tr%C3%A9sorier-%C3%A8re-mj002206-at-sunda-international-4451565818,Assistant(e) Trésorier(ère) (MJ002206),森大国际,posted,2026-08-11T06:02:45.914946,824
c13502862b694444,https://ci.linkedin.com/jobs/view/chef-projet-evenementiel-at-infochap-4448580881,CHEF PROJET EVENEMENTIEL,InfoChap,posted,2026-08-11T06:02:56.919848,826
71e338c8ee916662,https://ci.linkedin.com/jobs/view/scb-%C2%B7-projet-vivier-2026-at-infochap-4450589907,SCB · Projet Vivier 2026,InfoChap,posted,2026-08-11T06:03:07.239434,828
3c88919dce898006,https://ci.linkedin.com/jobs/view/r%C3%A9ceptionniste-oraimo-at-infochap-4449105190,Réceptionniste oraimo,InfoChap,posted,2026-08-11T06:03:22.398574,830
745cfa8ac0410b47,https://ci.linkedin.com/jobs/view/fresco-sac-isotherme-at-igo-objets-pub-france-4450776976,Fresco sac isotherme,,scraped,2026-08-13T06:21:14.688840,
05d9ab6397df6865,https://ci.linkedin.com/jobs/view/d%C3%A9clarant-en-douane-signataire-at-infinity-africa-logistics-ial-4452743922,Déclarant en Douane Signataire,Infinity Africa Logistics (IAL),posted,2026-08-13T06:21:31.037414,832
b0f3710d960b4845,https://ci.linkedin.com/jobs/view/health-and-safety-officer-at-endeavour-mining-4449571332,Health And Safety Officer,,scraped,2026-08-13T06:21:33.497488,
34238efddf22da0a,https://ci.linkedin.com/jobs/view/%C3%A9ducateur-trice-scolaire-at-groupe-carine-n-4453142685,Éducateur(trice) scolaire,GROUPE CARINE N',posted,2026-08-13T06:21:47.451656,834
0f4e13a570a10185,https://ci.linkedin.com/jobs/view/administrateur-de-base-de-donn%C3%A9es-h-f-at-orange-c%C3%B4te-d-ivoire-4453152254,Administrateur de base de données H/F,Orange Côte d'Ivoire,posted,2026-08-13T06:21:59.256101,836
ab04a6b7ce03d1ab,https://ci.linkedin.com/jobs/view/magasinier-%C3%A8re-gestionnaire-de-stock-mj002221-at-sunda-international-4452681848,Magasinier(ère) / Gestionnaire de Stock (MJ002221),,scraped,2026-08-13T06:22:03.847219,
bc08a412c000a552,https://ci.linkedin.com/jobs/view/internal-and-external-communications-executive-at-ofi-4450161054,Internal and External Communications Executive,,scraped,2026-08-13T06:22:12.150847,
ddb9013d753c6ba7,https://ci.linkedin.com/jobs/view/responsable-s%C3%A9curit%C3%A9-op%C3%A9rationnelle-f-h-at-keolis-group-4451402276,Responsable Sécurité Opérationnelle F/H,,scraped,2026-08-13T06:22:19.502493,
9e0b92fb8a929b67,https://ci.linkedin.com/jobs/view/charge-e-s-d%E2%80%99etudes-structure-ing%C3%A9nieur-g%C3%A9nie-civil-abidjan-c%C3%B4te-d-ivoire-at-luseo-4453012409,"CHARGE(E)S D’ETUDES STRUCTURE (Ingénieur Génie Civil) Abidjan, CÔTE D'IVOIRE",,scraped,2026-08-13T06:22:30.924388,
fb0ceafc31de534c,https://ci.linkedin.com/jobs/view/civ-r%C3%A9ceptionniste-f-h-at-adagio-aparthotels-4451179639,CIV -  Réceptionniste (F/H),,scraped,2026-08-13T06:22:39.853749,
f75efad09c1f96a9,https://ci.linkedin.com/jobs/view/commercial-at-motion-prod-4361805865,Commercial,Motion Prod,posted,2026-08-13T06:22:53.726712,838
699ea13049acd733,https://ci.linkedin.com/jobs/view/production-supervisor-at-etg-4451950181,Production Supervisor,,scraped,2026-08-13T06:22:58.287494,
0d72b0c952f82be9,https://ci.linkedin.com/jobs/view/des-sp%C3%A9cialistes-en-s%C3%A9curit%C3%A9-et-r%C3%A9seaux-h-f-at-cifip-4451032162,DES SPÉCIALISTES EN SÉCURITÉ ET RÉSEAUX (H/F),CIFIP,posted,2026-08-13T06:23:13.739035,840
9c305d393502fcc4,https://ci.linkedin.com/jobs/view/account-manager-at-caterpillar-inc-4452464893,Account Manager,Caterpillar Inc.,posted,2026-08-13T06:23:22.975445,842
9d70feb162103a27,https://ci.linkedin.com/jobs/view/investment-director-at-smart4-energy-4448732369,Investment Director,,scraped,2026-08-13T06:23:25.580857,
fd310237fb3abeb3,https://ci.linkedin.com/jobs/view/%F0%9D%90%83%F0%9D%90%A2%F0%9D%90%AB%F0%9D%90%9E%F0%9D%90%9C%F0%9D%90%AD%F0%9D%90%AB%F0%9D%90%A2%F0%9D%90%9C%F0%9D%90%9E-%F0%9D%90%9D%F0%9D%90%9E-%F0%9D%90%A5-%F0%9D%90%88%F0%9D%90%A7%F0%9D%90%9C%F0%9D%90%A5%F0%9D%90%AE%F0%9D%90%AC%F0%9D%90%A2%F0%9D%90%A8%F0%9D%90%A7-%F0%9D%90%9E%F0%9D%90%AD-%F0%9D%90%9D%F0%9D%90%AE-%F0%9D%90%83%F0%9D%90%9E%CC%81%F0%9D%90%AF%F0%9D%90%9E%F0%9D%90%A5%F0%9D%90%A8%F0%9D%90%A9%F0%9D%90%A9%F0%9D%90%9E%F0%9D%90%A6%F0%9D%90%9E%F0%9D%90%A7%F0%9D%90%AD-%F0%9D%90%9D%F0%9D%90%9E%F0%9D%90%AC-%F0%9D%90%82%F0%9D%90%A8%F0%9D%90%A6%F0%9D%90%A9%F0%9D%90%9E%CC%81%F0%9D%90%AD%F0%9D%90%9E%F0%9D%90%A7%F0%9D%90%9C%F0%9D%90%9E%F0%9D%90%AC-%F0%9D%90%8D%F0%9D%90%AE%F0%9D%90%A6%F0%9D%90%9E%CC%81%F0%9D%90%AB%F0%9D%90%A2%F0%9D%90%AA%F0%9D%90%AE%F0%9D%90%9E%F0%9D%90%AC-%F0%9D%90%83%F0%9D%90%88%F0%9D%90%83%F0%9D%90%82%F0%9D%90%8D-at-ministry-of-digital-transition-and-technological-innovation-4453164188,𝐃𝐢𝐫𝐞𝐜𝐭𝐫𝐢𝐜𝐞 𝐝𝐞 𝐥'𝐈𝐧𝐜𝐥𝐮𝐬𝐢𝐨𝐧 𝐞𝐭 𝐝𝐮 𝐃𝐞́𝐯𝐞𝐥𝐨𝐩𝐩𝐞𝐦𝐞𝐧𝐭 𝐝𝐞𝐬 𝐂𝐨𝐦𝐩𝐞́𝐭𝐞𝐧𝐜𝐞𝐬 𝐍𝐮𝐦𝐞́𝐫𝐢𝐪𝐮𝐞𝐬 (𝐃𝐈𝐃𝐂𝐍),,scraped,2026-08-13T06:23:32.656316,
a0a82246cb1ce065,https://ci.linkedin.com/jobs/view/consultant-e-de-programme-at-evidence-action-4431930072,Consultant(e) de programme,Evidence Action,posted,2026-08-13T06:23:50.277456,844
d43af603060eebc6,https://ci.linkedin.com/jobs/view/office-manager-assistant-e-comptable-at-modena-finances-corporation-4450754690,Office Manager / Assistant(e) Comptable,,scraped,2026-08-13T06:23:52.835499,
f32c987a46758f7a,https://ci.linkedin.com/jobs/view/enseignant-e-d-individus-et-soci%C3%A9t%C3%A9s-histoire-g%C3%A9ographie-economie-at-enko-education-4451538725,"Enseignant(e) d'Individus et Sociétés (Histoire, Géographie, Economie)",Enko Education,posted,2026-08-13T06:24:06.947848,846
1e91c07eab5a2de6,https://ci.linkedin.com/jobs/view/director-route-to-market-at-the-coca-cola-company-4453369867,"Director, Route To Market",The Coca-Cola Company,posted,2026-08-13T06:24:15.524452,848
b5659eac704c25b7,https://ci.linkedin.com/jobs/view/marketing-operations-manager-%E2%80%93-agri-sector-west-africa-at-confidential-careers-4448794649,Marketing Operations Manager – Agri-Sector (West Africa),Confidential Careers,posted,2026-08-13T06:24:31.298797,850
6f67bb5abe2d012b,https://ci.linkedin.com/jobs/view/chief-of-party-at-rainforest-alliance-4453608569,Chief of Party,Rainforest Alliance,posted,2026-08-13T06:24:42.098368,852
e5322720ed6d7179,https://ci.linkedin.com/jobs/view/customer-support-associate-francophone-at-lemfi-4443511547,Customer Support Associate - Francophone,,scraped,2026-08-13T06:24:44.732431,
cdd25461db1c2c3e,https://ci.linkedin.com/jobs/view/enseignant-e-d-acquisition-de-l-espagnol-language-acquisition-%E2%80%93-spanish-at-enko-education-4451544589,Enseignant(e) d'Acquisition de l'espagnol (Language Acquisition – Spanish),Enko Education,posted,2026-08-13T06:25:01.271221,854
a32684bfef70c833,https://ci.linkedin.com/jobs/view/senior-data-bi-analyst-%E2%80%93-chef-de-projet-at-ceiba-analytics-4451919125,Senior Data & BI Analyst – Chef de Projet,,scraped,2026-08-13T06:25:03.883907,
234575636ba655fb,https://ci.linkedin.com/jobs/view/equaliser-mentorship-programme-at-serious-4448788851,Equaliser Mentorship Programme,Serious,posted,2026-08-13T06:25:20.886605,856
300c158e26a81d3a,https://ci.linkedin.com/jobs/view/stagiaire-juridique-4450185661,Stagiaire juridique,Direction des affaires juridiques et des contentieux,posted,2026-08-13T06:25:27.907733,858
2bcbe4e80aa0be2b,https://ci.linkedin.com/jobs/view/freelance-at-firstsource-4452702104,Freelance,,scraped,2026-08-13T06:25:30.595557,
a4a3780a1b2fce18,https://ci.linkedin.com/jobs/view/worker-engagement-specialist-at-ecovadis-4448751804,Worker Engagement Specialist,,scraped,2026-08-13T06:25:36.992895,
d667d8e4f0bdb79a,https://ci.linkedin.com/jobs/view/cisco-networking-academy-instructor-at-neted-4450607707,Cisco Networking Academy Instructor,,scraped,2026-08-13T06:25:46.158049,
77172175c86aa900,https://ci.linkedin.com/jobs/view/coordinator-golfe-de-guin%C3%A9e-h-f-x-projet-scope-s%C3%A9curisation-des-corridors-ports-et-%C3%A9changes-c%C3%B4te-d-ivoire-at-association-malienne-de-recherche-action-pour-le-d%C3%A9veloppement-4453026364,"Coordinator Golfe de Guinée (h/f/x) Projet SCOPE (Sécurisation des Corridors, Ports et Échanges) - Côte d'Ivoire",Association Malienne de Recherche Action pour le Développement,posted,2026-08-13T06:26:05.473798,860
b503d442116124f5,https://ci.linkedin.com/jobs/view/sous-chef-de-cuisine-4452489153,Sous-chef de cuisine,RÉSIDENCE LES HAUTS DE L'INDENIÉ,posted,2026-08-13T06:26:12.664737,862
90f3620f3d8dd5a0,https://ci.linkedin.com/jobs/view/health-and-safety-supervisor-at-endeavour-mining-4449572262,Health and Safety Supervisor,,scraped,2026-08-13T06:26:19.080736,
e0668996bbe13516,https://ci.linkedin.com/jobs/view/hse-data-system-administrator-at-endeavour-mining-4449564623,HSE Data & System Administrator,,scraped,2026-08-13T06:26:26.192512,
98130d9ef76ecc34,https://ci.linkedin.com/jobs/view/magasinier-e-mj002227-at-sunda-international-4453376040,Magasinier(e) (MJ002227),森大国际,posted,2026-08-13T06:26:48.727022,864
81acc555371a2868,https://ci.linkedin.com/jobs/view/field-auditor-at-wave-gambia-4453299467,Field Auditor,Wave Gambia,posted,2026-08-15T05:31:07.972624,866
0942eaf0edba39f7,https://ci.linkedin.com/jobs/view/field-auditor-at-wave-mobile-money-4453209248,Field Auditor,,scraped,2026-08-15T05:31:10.520375,
1d87ff685ded5f3a,https://ci.linkedin.com/jobs/view/administrateur-de-base-de-donn%C3%A9es-h-f-at-orange-c%C3%B4te-d-ivoire-4453669892,Administrateur de base de données H/F,Orange Côte d'Ivoire,posted,2026-08-15T05:31:38.725171,868
6f124318f746a902,https://ci.linkedin.com/jobs/view/technical-operations-manager-at-yabx-4451205603,Technical Operations Manager,Yabx,posted,2026-08-15T05:32:24.597922,870
408b1421dfe94b3f,https://ci.linkedin.com/jobs/view/hachette-livre-editeur-%C3%A9ditrice-scolaire-abidjan-cdi-h-f-at-hachette-livre-4453502709,Hachette Livre - Editeur/éditrice scolaire (Abidjan) - CDI - H/F,,scraped,2026-08-15T05:32:27.193281,
59f0162d4d5a64ec,https://ci.linkedin.com/jobs/view/senior-internal-auditor-at-neemba-group-4453104223,Senior Internal Auditor,Neemba Group,posted,2026-08-15T05:32:41.233380,872
b80c69bccffbb214,https://ci.linkedin.com/jobs/view/hse-supervisor-at-olam-agri-4451636669,HSE Supervisor,,scraped,2026-08-15T05:32:43.817569,
ca6a15b22a0f16ad,https://ci.linkedin.com/jobs/view/business-development-market-manager-weecap-civ-at-winrock-international-4429358760,Business Development & Market Manager - WEECAP CIV,Winrock International,posted,2026-08-15T05:32:55.848268,874
44b4afe097075f1f,https://ci.linkedin.com/jobs/view/construction-hse-training-coordinator-at-kt-kinetics-technology-4449863378,CONSTRUCTION HSE TRAINING COORDINATOR,,scraped,2026-08-15T05:32:58.433651,
97a2d3550280d779,https://ci.linkedin.com/jobs/view/head-of-vehicle-management-at-gsm-green-sm-4449871225,Head of Vehicle Management,,scraped,2026-08-15T05:33:10.044478,
4765bd013453dae6,https://ci.linkedin.com/jobs/view/wear-parts-specialist-get-and-undercarriage-at-caterpillar-inc-4451645655,Wear Parts Specialist: GET and Undercarriage,Caterpillar Inc.,posted,2026-08-15T05:33:22.466312,876
6d1b5a5caf26633c,https://ci.linkedin.com/jobs/view/account-executive-at-transmed-4450481056,Account Executive,Transmed,posted,2026-08-15T05:33:34.606725,878
049961b54cd6d3e4,https://ci.linkedin.com/jobs/view/accounting-reference-accountant-at-infochap-4453561199,Accounting Reference (Accountant),InfoChap,posted,2026-08-15T05:33:47.357082,880
0b1b059eae112a5d,https://ci.linkedin.com/jobs/view/project-manager-at-karadeniz-holding-4450897136,Project Manager,,scraped,2026-08-15T05:33:49.930808,
698c99e6a0e8b4bc,https://ci.linkedin.com/jobs/view/construction-it-engineer-at-kt-kinetics-technology-4450487085,CONSTRUCTION - IT ENGINEER,,scraped,2026-08-15T05:33:57.577476,
8d774adaab16827d,https://ci.linkedin.com/jobs/view/responsable-compte-partenaire-at-orange-c%C3%B4te-d-ivoire-4453681879,Responsable Compte Partenaire,Orange Côte d'Ivoire,posted,2026-08-15T05:34:16.414416,882
d23daab93f1e4b03,https://ci.linkedin.com/jobs/view/sap-s4-hana-fi-co-manager-support-et-d%C3%A9ploiement-h-f-at-africa-global-logistics-4450896698,SAP S4/HANA - FI/CO Manager support et déploiement H/F,Africa Global Logistics,posted,2026-08-15T05:34:28.514642,884
7bd9e663cfb65c21,https://ci.linkedin.com/jobs/view/technico-commercial-assurance-vie-at-wtw-4454067573,Technico-Commercial Assurance Vie,WTW,posted,2026-08-15T05:34:42.656829,886
ad192509d7bd9ebf,https://ci.linkedin.com/jobs/view/remote-french-bilingual-customer-support-representative-at-talentpop-app-4453283013,Remote French Bilingual Customer Support Representative,TalentPop App,posted,2026-08-15T05:34:47.397742,162
a3064160cb1e33cb,https://ci.linkedin.com/jobs/view/french%2Benglish-bilingual-customer-service-representative-at-talentpop-app-4453259169,French+English Bilingual Customer Service Representative,TalentPop App,posted,2026-08-15T05:34:56.086185,888
53e8301e95c44267,https://ci.linkedin.com/jobs/view/conducteur-de-travaux-charpente-metallique-at-fed-africa-4453592252,CONDUCTEUR DE TRAVAUX CHARPENTE METALLIQUE,,scraped,2026-08-15T05:34:58.707016,
815828fb88879b10,https://ci.linkedin.com/jobs/view/chef-de-bord-xp-naval-obligatoire-h-f-at-parlym-4452341782,Chef de bord / XP NAVAL obligatoire H/F,,scraped,2026-08-15T05:35:07.434589,
26e05d6b8f654360,https://ci.linkedin.com/jobs/view/vid%C3%A9aste-graphiste-at-esma-4454386155,Vidéaste / Graphiste,,scraped,2026-08-15T05:35:13.897766,
12d0611b6226724b,https://ci.linkedin.com/jobs/view/coordonateur-trice-national-de-programme-wish-2-waca-at-ipas-4453008354,Coordonateur-trice National de Programme -WISH 2 WACA,Ipas,posted,2026-08-15T05:35:33.078384,890
c8031988de56637c,https://ci.linkedin.com/jobs/view/emploi-%C3%A9tudiant-%E2%80%93-agente-ou-agent-de-soutien-administratif-at-minist%C3%A8re-des-transports-et-de-la-mobilit%C3%A9-durable-du-qu%C3%A9bec-mtmd-4451631907,EMPLOI ÉTUDIANT – Agente ou agent de soutien administratif,,scraped,2026-08-15T05:35:35.393308,
65bbbc8c9efa120b,https://ci.linkedin.com/jobs/view/food-inspector-at-pgt-control-4450148422,Food Inspector,,scraped,2026-08-15T05:35:42.519169,
e3cca4a74fe5393f,https://ci.linkedin.com/jobs/view/dioula-transcription-annotation-specialist-%2495-hr-remote-at-crossing-hurdles-4443831218,Dioula Transcription & Annotation Specialist | $95/hr Remote,Crossing Hurdles,posted,2026-08-15T05:35:52.863765,306
d6a831308059fdc7,https://ci.linkedin.com/jobs/view/rejoignez-le-comit%C3%A9-d-organisation-de-awtc-2026-%21-at-abidjan-women-in-tech-conf-4411669185,Rejoignez le comité d'organisation de AWTC 2026 !,,scraped,2026-08-15T05:35:55.442047,
14025d5499e98f43,https://ci.linkedin.com/jobs/view/consultant-d%C3%A9veloppeur-microsoft-dynamics-365-at-technix-4449592033,CONSULTANT / DÉVELOPPEUR MICROSOFT DYNAMICS 365,TECHNIX,posted,2026-08-15T05:36:13.434049,892
c9a35cd7a389a31d,https://ci.linkedin.com/jobs/view/pr%C3%A9parateur-d-arr%C3%AAt-en-%C3%A9lectricit%C3%A9-h-f-at-ortec-group-4385553566,Préparateur d'arrêt en électricité H/F,,scraped,2026-08-15T05:36:17.945776,
ab5f093d4c0692b3,https://ci.linkedin.com/jobs/view/contr%C3%B4leur-se-de-chargement-agent-de-contr%C3%B4le-des-exp%C3%A9ditions-mj002217-at-sunda-international-4452485680,Contrôleur(se) de chargement / Agent de contrôle des expéditions (MJ002217),,scraped,2026-08-15T05:36:26.002985,
4d618b6e4764fab7,https://ci.linkedin.com/jobs/view/senior-marketing-manager-at-wave-mobile-money-4452043097,Senior Marketing Manager,,scraped,2026-08-15T05:36:33.697638,
fd83c1f50f56b90d,https://ci.linkedin.com/jobs/view/francophone-customer-support-representative-%E2%80%93-remote-at-talentpop-app-4453270118,Francophone Customer Support Representative – Remote,TalentPop App,posted,2026-08-15T05:36:48.401482,148
ba1e6c1623a26e2c,https://ci.linkedin.com/jobs/view/francophone-customer-support-representative-%E2%80%93-remote-at-talentpop-app-4453270129,Francophone Customer Support Representative – Remote,TalentPop App,scraped,2026-08-15T05:36:52.429015,
3339d17f0ada71b2,https://ci.linkedin.com/jobs/view/francophone-customer-support-representative-%E2%80%93-remote-at-talentpop-app-4453277093,Francophone Customer Support Representative – Remote,TalentPop App,posted,2026-08-15T05:36:57.059539,148
b6b3a0b0e193f7dc,https://ci.linkedin.com/jobs/view/francophone-customer-support-representative-%E2%80%93-remote-at-talentpop-app-4453267120,Francophone Customer Support Representative – Remote,TalentPop App,scraped,2026-08-15T05:37:01.170460,
9c8392a7e46287c6,https://ci.linkedin.com/jobs/view/francophone-customer-support-representative-%E2%80%93-remote-at-talentpop-app-4453279059,Francophone Customer Support Representative – Remote,TalentPop App,posted,2026-08-15T05:37:05.942091,148
80d3439bfd4b9233,https://ci.linkedin.com/jobs/view/op%C3%A9rateur-radio-soc-at-undp-careers-4452469416,Opérateur _ Radio _ (SOC),UNDP Careers,posted,2026-08-17T05:40:34.629107,894
1f1b8661ad17e06d,https://ci.linkedin.com/jobs/view/community-development-regional-lead-at-nestl%C3%A9-4451970324,Community Development Regional Lead,Nestlé,posted,2026-08-17T05:40:45.691616,896
f759f7eabe0cb481,https://ci.linkedin.com/jobs/view/retention-consultant-at-discovery-limited-4449885247,Retention Consultant,,scraped,2026-08-17T05:41:02.491272,
b54a800eadabb775,https://ci.linkedin.com/jobs/view/cement-professionals-at-cimpor-c%C3%B4te-d-ivoire-4452397965,Cement Professionals,CIMPOR Côte d'Ivoire,posted,2026-08-17T05:41:55.444690,898
15870d313fc5d575,https://ci.linkedin.com/jobs/view/agent-operations-territory-lead-at-wave-gambia-4453041496,Agent Operations Territory Lead,Wave Gambia,posted,2026-08-17T05:42:05.341625,900
9b96703044646c6a,https://ci.linkedin.com/jobs/view/head-of-operations-at-etg-4451950201,Head of Operations,,scraped,2026-08-17T05:42:07.993732,
496993f9afcb079a,https://ci.linkedin.com/jobs/view/responsable-des-ressources-humaines-at-ascoma-assureurs-conseils-4454061547,Responsable des ressources humaines,,scraped,2026-08-17T05:42:35.060748,
a424304383ca5c4f,https://ci.linkedin.com/jobs/view/finance-manager-at-dataorbis-4455147922,Finance Manager,,scraped,2026-08-17T05:42:47.880643,
704f59183cd1a723,https://ci.linkedin.com/jobs/view/besoin-d-agents-commercial-succ%C3%A8ssco-jeunes-entre-20-ans-et-30-ans-permis-de-conduire-moto-formation-orient%C3%A9e-marketing-communication-vente-4453608505,"Besoin d'Agents Commercial SuccèsSco. Jeunes entre 20 ans et 30 ans, Permis de conduire Moto, Formation orientée Marketing Communication Vente",REVELATEUR CÔTE D'IVOIRE  (https://rci.successco.africa ),posted,2026-08-17T05:43:12.030785,902
ca482012b917125b,https://ci.linkedin.com/jobs/view/graduate-trainee-technical-engineering-production-at-nestl%C3%A9-4454569275,Graduate Trainee - Technical (Engineering & Production),Nestlé,posted,2026-08-17T05:43:23.418064,904
42c55ac34ec631b7,https://ci.linkedin.com/jobs/view/responsable-de-projet-douala-at-kcr-partners-4455164968,Responsable de projet (Douala),KCR Partners,posted,2026-08-17T05:43:32.400616,906
d5f1f87d5873d2f4,https://ci.linkedin.com/jobs/view/recrutement-enseignants-du-syst%C3%A8me-francais-4453561563,Recrutement Enseignants du système francais,RENFO500,posted,2026-08-17T05:43:40.049738,908
9ef11c032245b916,https://ci.linkedin.com/jobs/view/consulant-odoo-at-kaalimba-4454560983,Consulant Odoo,,scraped,2026-08-17T05:43:42.948384,
f52a08848138b836,https://ci.linkedin.com/jobs/view/part-time-guest-lecturers-industry-speakers-%E2%80%94-abidjan-c%C3%B4te-d-ivoire-at-british-international-university-4451733387,"Part-Time Guest Lecturers / Industry Speakers — Abidjan, Côte d'Ivoire",British International University,posted,2026-08-17T05:43:56.509466,910
a0d03b927424f286,https://ci.linkedin.com/jobs/view/international-communications-and-media-relations-at-undp-careers-4454094427,International Communications and Media Relations,UNDP Careers,posted,2026-08-17T05:44:10.331724,912
e7c1655f003fb6ba,https://ci.linkedin.com/jobs/view/community-development-regional-lead-at-infochap-4453968822,Community Development Regional Lead,InfoChap,posted,2026-08-17T05:44:27.305788,896
f18279994f56a61e,https://ci.linkedin.com/jobs/view/agent-operations-territory-lead-at-wave-mobile-money-4452679789,Agent Operations Territory Lead,,scraped,2026-08-17T05:44:29.929459,
08bba0ac38af9b0b,https://ci.linkedin.com/jobs/view/manager-de-transport-mj002212-at-sunda-international-4452425754,Manager de Transport (MJ002212),,scraped,2026-08-17T05:44:36.826080,
ad0000200de7f077,https://ci.linkedin.com/jobs/view/construction-civil-supervisor-at-kt-kinetics-technology-4449859466,CONSTRUCTION CIVIL SUPERVISOR,,scraped,2026-08-17T05:44:44.377753,
9fa4fc0977d05b37,https://ci.linkedin.com/jobs/view/magasinier-at-infochap-4453571166,MAGASINIER,InfoChap,posted,2026-08-17T05:45:05.955341,914
599e0ebee93ed813,https://ci.linkedin.com/jobs/view/stagiaire-logistique-at-infochap-4453264625,Stagiaire Logistique,InfoChap,posted,2026-08-17T05:45:15.276249,916
d043643a172259bc,https://ci.linkedin.com/jobs/view/mine-geologist-pit-mapping-interpretation-at-infochap-4451148457,MINE GEOLOGIST - PIT MAPPING & INTERPRETATION,InfoChap,posted,2026-08-17T05:45:23.653044,918
839d26a8d4117f65,https://ci.linkedin.com/jobs/view/dioula-linguistic-specialist-%2495-hr-remote-at-crossing-hurdles-4443818323,Dioula Linguistic Specialist | $95/hr Remote,Crossing Hurdles,posted,2026-08-17T05:45:28.701601,326
d2566de927e2bdb0,https://ci.linkedin.com/jobs/view/bambara-language-specialist-remote-at-crossing-hurdles-4452396616,Bambara Language Specialist | Remote,Crossing Hurdles,posted,2026-08-17T05:45:33.933600,412
e69f25f7d3a1c9f6,https://ci.linkedin.com/jobs/view/translator-bambara-remote-at-crossing-hurdles-4452384628,Translator (Bambara) | Remote,Crossing Hurdles,posted,2026-08-17T05:45:38.964492,336
46d828473ea0ab9f,https://ci.linkedin.com/jobs/view/ing%C3%A9nieur-calcul-structure-abidjan-f-h-at-b-hive-engineering-4451503329,Ingénieur Calcul Structure - Abidjan F/H,,scraped,2026-08-17T05:45:41.673845,
5575b171b97a4eb3,https://ci.linkedin.com/jobs/view/regional-it-manager-at-wave-mobile-money-4455310564,Regional IT Manager,,scraped,2026-08-19T05:36:27.682222,
b96ae24706fe9d33,https://ci.linkedin.com/jobs/view/sea-logistics-sales-representative-at-kuehne%2Bnagel-4455778234,Sea Logistics Sales Representative,,scraped,2026-08-19T05:36:34.635874,
38a59e35d02d46f2,https://ci.linkedin.com/jobs/view/director-of-external-relations-at-gsm-green-sm-4451297788,Director of External Relations,,scraped,2026-08-19T05:36:41.397594,
e802a461c31d6f42,https://ci.linkedin.com/jobs/view/head-of-marketing-growth-marketing-at-gsm-green-sm-4452573181,Head of Marketing (Growth Marketing),,scraped,2026-08-19T05:36:47.952115,
16cf27d96aeea605,https://ci.linkedin.com/jobs/view/hr-business-partner-west-africa-at-puratos-4451221244,HR Business Partner West Africa,,scraped,2026-08-19T05:36:58.656896,
110c9d50967756c4,https://ci.linkedin.com/jobs/view/commercial-4455778653,Commercial,LOSS CORPORATE,posted,2026-08-19T05:37:08.132369,838
2814aadb8358b9d0,https://ci.linkedin.com/jobs/view/project-manager-at-ava-energy-4454392472,Project Manager,,scraped,2026-08-19T05:37:10.764389,
420b967f7aef0996,https://ci.linkedin.com/jobs/view/business-development-manager-at-msalabs-4451206139,Business Development Manager,,scraped,2026-08-19T05:37:17.508596,
0308bacd5e753735,https://ci.linkedin.com/jobs/view/aircraft-mechanic-at-aviation-jobsearch-europa-4455398412,Aircraft Mechanic,Aviation JobSearch Europa,posted,2026-08-19T05:37:37.384961,920
de732042db59dfb0,https://ci.linkedin.com/jobs/view/ports-and-shipping-specialist-at-ntu-international-a-s-4455261884,Ports and Shipping Specialist,,scraped,2026-08-19T05:37:39.944084,
ae75577a6454663c,https://ci.linkedin.com/jobs/view/g%C3%A9rant-e-ou-managing-director-h-f-at-keemet-industry-4455974891,Gérant(e) ou Managing Director (H/F),KEEMET INDUSTRY,posted,2026-08-19T05:37:54.668819,922
e1d46552a7b0cdc8,https://ci.linkedin.com/jobs/view/railways-specialist-at-ntu-international-a-s-4455700630,Railways Specialist,,scraped,2026-08-19T05:37:57.227679,
fa62ac71ecb0399d,https://ci.linkedin.com/jobs/view/health-safety-superintendent-at-endeavour-mining-4452819573,Health & Safety Superintendent,,scraped,2026-08-19T05:38:06.384192,
72ecce75b16b9498,https://ci.linkedin.com/jobs/view/sales-executive-at-romeu-4452824101,Sales Executive,,scraped,2026-08-19T05:38:14.254076,
57e76143273c0e2f,https://ci.linkedin.com/jobs/view/chef-monteur-pyl%C3%B4ne-at-ngser-4454521316,Chef monteur pylône,,scraped,2026-08-19T05:38:22.413226,
bed12d8e7392bffa,https://ci.linkedin.com/jobs/view/sales-manager-at-adm-4450475134,Sales Manager,ADM,posted,2026-08-19T05:38:32.734639,76
7582ca6b91c21f21,https://ci.linkedin.com/jobs/view/service-sales-engineer-at-b%C3%BChler-group-4453210640,Service Sales Engineer,,scraped,2026-08-19T05:38:37.385151,
c5885758048ee75e,https://ci.linkedin.com/jobs/view/depo-operasyon-ve-%C3%B6n-muhasebe-sorumlusu-fildi%C5%9Fi-sahili-at-ergunbas-group-4451799026,Depo Operasyon ve Ön Muhasebe Sorumlusu - Fildişi Sahili,,scraped,2026-08-19T05:38:44.199972,
72cfeda6d0afbdbc,https://ci.linkedin.com/jobs/view/consultant-e-confirm%C3%A9-e-%E2%80%93-communication-marketing-et-gestion-de-marque-at-edeidi-k-4454766155,"CONSULTANT(E) CONFIRMÉ(E) – COMMUNICATION, MARKETING ET GESTION DE MARQUE",Edeidi K.,posted,2026-08-19T05:39:01.869319,924
ebcacb0e5e4125e6,https://ci.linkedin.com/jobs/view/expert-pour-une-mission-d%E2%80%99appui-%C3%A0-l%E2%80%99%C3%A9laboration-d%E2%80%99un-plan-de-formation-des-formateurs-de-l%E2%80%99infas-at-expertise-france-4423680229,Expert pour une mission d’appui à l’élaboration d’un plan de formation des formateurs de l’INFAS,,scraped,2026-08-19T05:39:10.549923,
60ed1d881d4c4ef6,https://ci.linkedin.com/jobs/view/superviseur-piping-structure-oil-gas-h-f-at-parlym-4452278289,Superviseur Piping / Structure - Oil & Gas H/F,,scraped,2026-08-19T05:39:20.235941,
bf4ace245e67ebff,https://ci.linkedin.com/jobs/view/legal-counsel-french-speaking-at-thunes-4443104077,Legal Counsel (French Speaking),,scraped,2026-08-19T05:39:26.894989,
3c084bf597822886,https://ci.linkedin.com/jobs/view/une-ou-un-chef-d-%C3%A9quipe-en-routes-et-structures-at-minist%C3%A8re-des-transports-et-de-la-mobilit%C3%A9-durable-du-qu%C3%A9bec-mtmd-4455716151,Une ou un chef d'équipe en routes et structures,,scraped,2026-08-19T05:39:33.160380,
1f0f8c6f0a66ab3a,https://ci.linkedin.com/jobs/view/stagiaire-communication-marketing-at-ascent-event-ci-4452816449,Stagiaire communication marketing,ASCENT EVENT CI,posted,2026-08-19T05:39:55.506600,926
0a7503784f171af4,https://ci.linkedin.com/jobs/view/senior-sales-manager-at-thompson-hotels-4454835784,Senior Sales Manager,Thompson Hotels,posted,2026-08-19T05:40:00.633106,108
6184e37ff2718246,https://ci.linkedin.com/jobs/view/enseignant-e-d-anglais-at-enko-education-4455742707,Enseignant(e) d'Anglais,Enko Education,posted,2026-08-19T05:40:11.731220,928
91ce3b7c7b4ea466,https://ci.linkedin.com/jobs/view/enko-abidjan-recrute-%E2%80%93-enseignant-e-fle-fls-%C3%A9l%C3%A8ves-allophones-anglais-langue-seconde-at-enko-education-4455731821,ENKO ABIDJAN RECRUTE – ENSEIGNANT(E) FLE / FLS (ÉLÈVES ALLOPHONES / ANGLAIS LANGUE SECONDE),Enko Education,posted,2026-08-19T05:40:23.304276,930
9051fc838f267f23,https://ci.linkedin.com/jobs/view/assistantes-de-classe%C2%A0bilingues-francophones-et-anglophones-at-enko-education-4454535126,"Assistantes de classe bilingues, francophones, et anglophones",Enko Education,posted,2026-08-19T05:40:34.025271,932
b59b52632c0c81a6,https://ci.linkedin.com/jobs/view/enseignant-e-de-math%C3%A9matiques-en-primaire-primary-mathematics-teacher-at-enko-education-4455733851,ENSEIGNANT(E) DE MATHÉMATIQUES EN PRIMAIRE/PRIMARY MATHEMATICS TEACHER,Enko Education,posted,2026-08-19T05:40:43.621721,934
cd824572262e341a,https://ci.linkedin.com/jobs/view/directeur-r%C3%A9gional-global-markets-ci-uemoa-at-selego-4444779127,Directeur Régional Global Markets CI & UEMOA,,scraped,2026-08-21T05:38:00.210269,
94aebc79dbdb0f0d,https://ci.linkedin.com/jobs/view/business-developer-junior-at-best-building-company-c%C3%B4te-d-ivoire-4454117796,Business Developer Junior,BEST BUILDING COMPANY CÔTE D'IVOIRE,posted,2026-08-21T05:38:53.288727,936
f7b1c719cce0b2c2,https://ci.linkedin.com/jobs/view/senior-buyer-at-saipem-4456745427,Senior Buyer,,scraped,2026-08-21T05:38:59.942598,
25a47f89cbe6aefc,https://ci.linkedin.com/jobs/view/responsable-administratif-et-financier-raf-cfo-kryptapay-at-kryptapay-4457004749,Responsable Administratif et Financier (RAF/CFO) KryptaPay,,scraped,2026-08-21T05:39:17.065717,
d7c03c3a6d39681e,https://ci.linkedin.com/jobs/view/%E5%9B%BD%E9%99%85%E8%90%A5%E9%94%80%E7%BB%8F%E7%90%86-at-sany-group-4456018349,国际营销经理,,scraped,2026-08-21T05:39:29.655884,
d84245812da80d42,https://ci.linkedin.com/jobs/view/contr%C3%B4leur-euse-de-chargement-mj002241-at-sunda-international-4455264051,Contrôleur(euse) de chargement (MJ002241),,scraped,2026-08-21T05:39:46.816971,
b585ffec739416c2,https://ci.linkedin.com/jobs/view/plant-manager-rest-of-sub-saharan-africa-at-frieslandcampina-4456704228,"Plant Manager, Rest of Sub-Saharan Africa",,scraped,2026-08-21T05:39:57.997568,
681d85db835da069,https://ci.linkedin.com/jobs/view/chef-d-exploitation-ing%C3%A9nieur-agronome-senior-4453494040,Chef d'exploitation / ingénieur agronome senior,NOUYVELLE COCOPROVI,posted,2026-08-21T05:40:12.056060,938
98f32ec480e18d48,https://ci.linkedin.com/jobs/view/quality-assurance-supervisor-bilingue-at-transmed-4453430642,QUALITY ASSURANCE SUPERVISOR BILINGUE,Transmed,posted,2026-08-21T05:40:25.634280,940
ad27d9d5a2dc213d,https://ci.linkedin.com/jobs/view/supply-chain-operations-manager-west-africa-abidjan-c%C3%B4te-d-ivoire-at-lapaire-4456376608,"Supply Chain Operations Manager - West Africa - Abidjan,Côte d'Ivoire",,scraped,2026-08-21T05:40:28.301936,
8e1eeeaf9ab8e7b0,https://ci.linkedin.com/jobs/view/technicien-de-laboratoire-at-barry-callebaut-group-4455456890,Technicien de laboratoire,Barry Callebaut Group,posted,2026-08-21T05:40:46.467894,942
bb556572be7e8b27,https://ci.linkedin.com/jobs/view/sheq-officer-x2-global-grade-09-at-barloworld-power-angola-4455693099,SHEQ Officer x2 Global Grade 09,,scraped,2026-08-21T05:40:48.972698,
2796b9277a232b25,https://ci.linkedin.com/jobs/view/driver-abidjan-south-mission-at-a-igreja-de-jesus-cristo-dos-santos-dos-%C3%BAltimos-dias-4456749308,Driver-Abidjan South Mission,,scraped,2026-08-21T05:41:02.733336,
ffb6e3a85790d735,https://ci.linkedin.com/jobs/view/social-media-lead-snapchat-at-lxd-4453484953,Social Media Lead - Snapchat,,scraped,2026-08-21T05:41:21.326609,
0d0f44b47f3182a4,https://ci.linkedin.com/jobs/view/marketing-coordinator-coordinateur-trice-marketing-remote-at-lxd-4454117178,Marketing Coordinator / Coordinateur(trice) Marketing | Remote,,scraped,2026-08-21T05:41:31.831840,
c650c8617ac4db8d,https://ci.linkedin.com/jobs/view/senior-financial-manager-rental-and-used-temp-6-months-contract-global-grade-14-at-barloworld-power-angola-4454998012,Senior Financial Manager Rental and Used Temp 6 months contract Global Grade 14,,scraped,2026-08-21T05:41:38.303617,
5d4b05a3ad5e94a8,https://ci.linkedin.com/jobs/view/infirmier-s%C3%A9nior-services-de-p%C3%A9diatrie-h-f-expatriation-djibouti-at-africawork-4453438491,Infirmier Sénior Services de Pédiatrie (H/F) - (Expatriation: Djibouti),AfricaWork,posted,2026-08-21T05:41:56.284489,944
b6561e0e8c769528,https://ci.linkedin.com/jobs/view/it-operations-associate-at-wave-mobile-money-4457007589,IT Operations Associate,,scraped,2026-08-21T05:41:58.921792,
d07511b218aa5a30,https://ci.linkedin.com/jobs/view/mission-facilities-assistant-at-the-church-of-jesus-christ-of-latter-day-saints-4456007084,Mission Facilities Assistant,The Church of Jesus Christ of Latter-day Saints,posted,2026-08-21T05:42:11.613077,946
10e510746d6c5e1d,https://ci.linkedin.com/jobs/view/tax-specialist-syscohada-accountant-at-endeavour-mining-4452294564,Tax Specialist & Syscohada Accountant,,scraped,2026-08-21T05:42:14.012767,
3408c52a72b09577,https://ci.linkedin.com/jobs/view/mission-facilities-assistant-at-a-igreja-de-jesus-cristo-dos-santos-dos-%C3%BAltimos-dias-4456747312,Mission Facilities Assistant,,scraped,2026-08-21T05:42:21.673830,
471ec0383204116f,https://ci.linkedin.com/jobs/view/driver-abidjan-south-mission-at-the-church-of-jesus-christ-of-latter-day-saints-4455698557,Driver-Abidjan South Mission,The Church of Jesus Christ of Latter-day Saints,posted,2026-08-23T05:34:50.823159,948
71a374b536ad77b7,https://ci.linkedin.com/jobs/view/driver-daloa-mission-at-the-church-of-jesus-christ-of-latter-day-saints-4456005087,Driver -Daloa Mission,The Church of Jesus Christ of Latter-day Saints,posted,2026-08-23T05:34:58.469333,950
e7af1a99eee5eabe,https://ci.linkedin.com/jobs/view/parts-liaison-x2-global-grade-07-at-barloworld-power-angola-4456204811,Parts Liaison X2 Global Grade 07,,scraped,2026-08-23T05:35:00.973263,
1894359106e8cbc9,https://ci.linkedin.com/jobs/view/surveillante-ou-surveillant-du-r%C3%A9seau-routier-at-minist%C3%A8re-des-transports-et-de-la-mobilit%C3%A9-durable-du-qu%C3%A9bec-mtmd-4455702236,Surveillante ou surveillant du réseau routier,,scraped,2026-08-23T05:35:08.027421,
6457e9d5959877e4,https://ci.linkedin.com/jobs/view/driver-acquisition-specialist-driver-recruiter-at-gsm-green-sm-4453448271,Driver Acquisition Specialist/Driver Recruiter,,scraped,2026-08-23T05:35:15.203027,
40357a42595f88d2,https://ci.linkedin.com/jobs/view/section-head-at-olam-agri-4454188582,Section Head,,scraped,2026-08-23T05:35:21.034691,
70d922d1c7bec67c,https://ci.linkedin.com/jobs/view/talent-acquisition-specialist-at-bia-group-4453454846,Talent Acquisition Specialist,,scraped,2026-08-23T05:35:27.665325,
d25da6063ae3cbb6,https://ci.linkedin.com/jobs/view/recruiter-at-wowjobs-africa-4453887409,Recruiter,,scraped,2026-08-23T05:35:34.101634,
b641afb8dd59d54f,https://ci.linkedin.com/jobs/view/business-development-manager-student-recruitment-at-gedu-global-education-4456707518,Business Development Manager (Student Recruitment),,scraped,2026-08-23T05:35:47.377446,
46d0db391db3f42e,https://ci.linkedin.com/jobs/view/key-account-manager-callivoire-at-upl-4454626525,Key Account Manager Callivoire,,scraped,2026-08-23T05:36:01.842809,
1a7a4385b76631f6,https://ci.linkedin.com/jobs/view/manager-ghana-revenue-wca-opex-at-visa-4456351528,Manager - Ghana Revenue & WCA Opex,Visa,posted,2026-08-23T05:36:11.839124,22
6dbefa8a82adc1ae,https://ci.linkedin.com/jobs/view/warehouse-manager-at-sigma-cylinders-4453856288,Warehouse Manager,,scraped,2026-08-23T05:36:14.400597,
f863ad5b4fa01b63,https://ci.linkedin.com/jobs/view/it-operations-associate-at-wave-gambia-4456076129,IT Operations Associate,Wave Gambia,posted,2026-08-23T05:36:30.081339,952
94acae6ad698396a,https://ci.linkedin.com/jobs/view/chef-de-quart-production-at-barry-callebaut-group-4455455937,Chef de quart production,Barry Callebaut Group,posted,2026-08-23T05:36:45.285553,954
1d77b0e9e4f7da86,https://ci.linkedin.com/jobs/view/network-support-engineer-at-brilliant-computers-citadel-and-information-technology-4455429551,Network Support Engineer,,scraped,2026-08-23T05:36:47.845392,
6f66ba250f49d72c,https://ci.linkedin.com/jobs/view/conseiller-technique-pharmacie-et-cha%C3%AEne-d%E2%80%99approvisionnement-at-jhpiego-4457332380,Conseiller Technique _ Pharmacie et Chaîne d’Approvisionnement,Jhpiego,posted,2026-08-23T05:37:04.476895,956
ab1885035ecc8aed,https://ci.linkedin.com/jobs/view/cto-co-fondateur-technique-4455339062,CTO co-fondateur technique,Kora.ci,posted,2026-08-23T05:37:11.783879,958
e2bd905e95f55836,https://ci.linkedin.com/jobs/view/appel-%C3%A0-manifestation-d-int%C3%A9r%C3%AAt-programme-d-audit-ind%C3%A9pendant-en-cybers%C3%A9curit%C3%A9-%E2%80%94-%C3%A9dition-2026-at-valsch-consulting-sa-4456195035,APPEL À MANIFESTATION D'INTÉRÊT - Programme d'Audit Indépendant en Cybersécurité — Édition 2026,,scraped,2026-08-23T05:37:14.391426,
0c8711a375a09e69,https://ci.linkedin.com/jobs/view/stagiaire-btl-direction-marketing-communication-rse-at-jobego-4454980885,STAGIAIRE BTL - Direction Marketing & Communication & RSE,,scraped,2026-08-23T05:37:26.766122,
6a73ffe66c945abd,https://ci.linkedin.com/jobs/view/french-voice-over-artist-run-monster-run-at-telos-media-4454764768,French Voice Over Artist - Run Monster Run,Telos Media,posted,2026-08-23T05:37:39.190796,960
6b7e493d86aa3b03,https://ci.linkedin.com/jobs/view/stagiaire-charg%C3%A9-de-point-de-presse-s%C3%A9curitaire-at-g4s-4452866571,STAGIAIRE CHARGÉ DE POINT DE PRESSE SÉCURITAIRE,G4S,posted,2026-08-23T05:37:53.294228,962
924f3f5328bd89dc,https://ci.linkedin.com/jobs/view/assistant-optimisation-energetique-et-industrielle-at-solibra-ci-4456698064,ASSISTANT OPTIMISATION ENERGETIQUE ET INDUSTRIELLE,,scraped,2026-08-23T05:37:55.886161,
82e0e7f99d3980e2,https://ci.linkedin.com/jobs/view/assistant-developement-et-digitalisation-at-solibra-ci-4456690057,ASSISTANT DEVELOPEMENT ET DIGITALISATION,,scraped,2026-08-23T05:38:02.408887,
59264bf13a42e603,https://ci.linkedin.com/jobs/view/metreur-projeteur-at-immobivoire-4457805281,METREUR PROJETEUR,,scraped,2026-08-23T05:38:08.574009,
1859e649851333d9,https://ci.linkedin.com/jobs/view/ingenieur-maintenance-at-solibra-ci-4456695070,INGENIEUR MAINTENANCE,,scraped,2026-08-23T05:38:21.620389,
5e2f5fd9a401df4f,https://ci.linkedin.com/jobs/view/chef-atelier-conditionnement-at-solibra-ci-4456679588,CHEF ATELIER CONDITIONNEMENT,,scraped,2026-08-23T05:38:27.745529,
99f5d2dd8fe8cb63,https://ci.linkedin.com/jobs/view/automaticiens-at-solibra-ci-4456800064,AUTOMATICIENS,,scraped,2026-08-23T05:38:33.830072,
39373e1f4268a928,https://ci.linkedin.com/jobs/view/controleur-permanent-oci-at-ay-solutions-academy-4458178124,CONTROLEUR PERMANENT OCI,,scraped,2026-08-25T05:37:02.136701,
1e5d34c8cee01720,https://ci.linkedin.com/jobs/view/credit-administration-officer-warehouse-management-ecobank-c%C3%B4te-d-ivoire-at-ay-solutions-academy-4458181087,"Credit Administration Officer, Warehouse Management - Ecobank Côte d'Ivoire",,scraped,2026-08-25T05:37:19.001581,
6ba6f50c444841ce,https://ci.linkedin.com/jobs/view/business-development-manager-for-international-student-recruitment-at-global-university-systems-4448182184,Business Development Manager for International Student Recruitment,,scraped,2026-08-25T05:37:31.919631,
66e6162d08c51b78,https://ci.linkedin.com/jobs/view/responsable-des-ressources-humaines-4455279828,Responsable des ressources humaines,BOLUDA CI ( IRES-SLA-LP),posted,2026-08-25T05:37:46.350173,964
4e4fa6278232ff86,https://ci.linkedin.com/jobs/view/sp%C3%A9cialiste-du-recrutement-at-soci%C3%A9t%C3%A9-g%C3%A9n%C3%A9rale-c%C3%B4te-d-ivoire-4458208902,Spécialiste du recrutement,,scraped,2026-08-25T05:37:48.968832,
ca1c27f1161a8d03,https://ci.linkedin.com/jobs/view/sales-manager-global-grade-13-at-barloworld-power-angola-4456880597,Sales Manager Global Grade 13,,scraped,2026-08-25T05:38:02.010342,
0f18eab26c8ed8da,https://ci.linkedin.com/jobs/view/chef-de-projet-lots-cfa-h-f-at-colas-rail-4455898060,Chef de projet Lots CFA H/F,,scraped,2026-08-25T05:38:13.303062,
8bec507e799f5b32,https://ci.linkedin.com/jobs/view/vente-des-produits-bio-pharmaceutiques-at-dealtoo-co-4457883051,Vente des produits bio pharmaceutiques,Dealtoo.co,posted,2026-08-25T05:38:26.877306,966
46b5c4d8702111fe,https://ci.linkedin.com/jobs/view/office-manager-at-european-investment-bank-eib-4454182535,Office Manager,,scraped,2026-08-25T05:38:31.461295,
6241faa9bea5948c,https://ci.linkedin.com/jobs/view/food-service-worker-canada-at-hirez-manpower-solutions-inc-4456284835,Food Service Worker (Canada),,scraped,2026-08-25T05:38:42.551596,
fcd87415180d4f8d,https://ci.linkedin.com/jobs/view/senior-software-architect-100%25-remote-worldwide-at-tether-io-4457391076,Senior Software Architect (100% Remote - Worldwide),Tether.io,posted,2026-08-25T05:38:54.539791,968
5ca6649a617f155a,https://ci.linkedin.com/jobs/view/projeteur-exp%C3%A9riment%C3%A9-autocad-at-parlym-4456140310,Projeteur Expérimenté (AutoCAD),,scraped,2026-08-25T05:38:57.122592,
671371a86802b1ad,https://ci.linkedin.com/jobs/view/assistenz-der-abteilungsleitung-programme-veranstaltungen-m-w-d-at-zentralrat-der-juden-in-deutschland-4458512920,Assistenz der Abteilungsleitung Programme & Veranstaltungen (m/w/d),,scraped,2026-08-25T05:39:03.581639,
db4cca324167a782,https://ci.linkedin.com/jobs/view/marketing-trainee-at-the-heineken-company-4454767631,Marketing Trainee,The HEINEKEN Company,posted,2026-08-25T05:39:20.714489,970
075e77cf6fe0feea,https://ci.linkedin.com/jobs/view/hr-trainee-at-the-heineken-company-4454770620,HR Trainee,The HEINEKEN Company,posted,2026-08-25T05:39:34.633577,972
021b2082b6ee57da,https://ci.linkedin.com/jobs/view/accountant-at-dg-impianti-industriali-s-p-a-4456740433,Accountant,,scraped,2026-08-25T05:39:37.258393,
d17b86f3e0e1eb5e,https://ci.linkedin.com/jobs/view/technical-analyst-global-grade-09-at-barloworld-power-angola-4456207734,Technical Analyst Global Grade 09,,scraped,2026-08-25T05:39:45.025119,
80ef3193a4f2e388,https://ci.linkedin.com/jobs/view/merchant-distribution-supervisor-at-wave-mobile-money-4458519275,Merchant Distribution Supervisor,,scraped,2026-08-25T05:39:51.943026,
5d84ec069c67e70f,https://ci.linkedin.com/jobs/view/senior-geotechnical-engineer-at-endeavour-mining-4454110013,Senior Geotechnical Engineer,,scraped,2026-08-25T05:40:00.349275,
fada2db7648be153,https://ci.linkedin.com/jobs/view/conseiller-technique-%E2%80%93-renforcement-du-syst%C3%A8me-de-sant%C3%A9-int%C3%A9gration-des-services-%E2%80%93-sant%C3%A9-maternelle-infantile-et-paludisme-at-jhpiego-4457344434,"Conseiller Technique – Renforcement du système de santé & Intégration des services – Santé Maternelle, Infantile et Paludisme",Jhpiego,posted,2026-08-25T05:40:21.477497,974
ffbb456f6b1accbc,https://ci.linkedin.com/jobs/view/conseiller-technique-laboratoire-et-biologie-at-jhpiego-4457351362,Conseiller Technique_Laboratoire et Biologie,Jhpiego,posted,2026-08-25T05:40:30.376736,976
867dfa546e423f28,https://ci.linkedin.com/jobs/view/talent-acquisition-manager-at-gsm-green-sm-4456508049,Talent Acquisition Manager,,scraped,2026-08-27T16:19:15.328899,
140fd7edb4189e0b,https://ci.linkedin.com/jobs/view/powergen-channel-sales-hhp-leader-ivory-coast-at-kirloskar-oil-engines-limited-4457960302,PowerGen Channel Sales & HHP Leader (Ivory Coast),,scraped,2026-08-27T16:19:21.911158,
2c934f3315cb0f95,https://ci.linkedin.com/jobs/view/regional-account-manager-at-wiremasters-4458324290,Regional Account Manager,WireMasters,posted,2026-08-27T16:19:39.966090,978
eb78269e1decc3d2,https://ci.linkedin.com/jobs/view/charg%C3%A9-d-affaire-trade-finance-at-selego-4459616906,Chargé d'affaire Trade Finance,,scraped,2026-08-27T16:19:42.981672,
6256b6d9f4d3c773,https://ci.linkedin.com/jobs/view/chief-accountant-at-gsm-green-sm-4455028173,Chief Accountant,,scraped,2026-08-27T16:19:49.859945,
1f503d2c4c37a3e3,https://ci.linkedin.com/jobs/view/commercial-4457766515,Commercial,BANDAMA TRADE SARL,posted,2026-08-27T16:20:03.440785,838
237136ac771a81e3,https://ci.linkedin.com/jobs/view/associate-director-development-at-africa-career-desk-4457228019,"Associate Director, Development",,scraped,2026-08-27T16:20:06.215280,
cee3aa4d5cff5dc1,https://ci.linkedin.com/jobs/view/aviation-specialist-at-ntu-international-a-s-4458181900,Aviation Specialist,,scraped,2026-08-27T16:20:14.355122,
54cf0b43ba2baa70,https://ci.linkedin.com/jobs/view/business-development-manager-student-recruitment-at-gedu-global-education-4459682124,Business Development Manager (Student Recruitment),,scraped,2026-08-27T16:20:22.702188,
bca9d607612ee5b0,https://ci.linkedin.com/jobs/view/expansion-manager-ivory-coast-at-tether-io-4459118825,Expansion Manager - Ivory Coast,Tether.io,posted,2026-08-27T16:20:46.055125,980
8196be12ca5b045f,https://ci.linkedin.com/jobs/view/business-developer-africa-%E2%80%93-mining-software-at-eo-consulting-4457408845,Business Developer Africa – Mining software,,scraped,2026-08-27T16:20:49.435670,
f55d150c4e9661c8,https://ci.linkedin.com/jobs/view/consultants-externes-2-experts-en-infrastructure-portuaire-et-1-environnementaliste-dans-le-domaine-portuaire-at-ms-international-%E2%80%A2-strategy-organization-4457218855,Consultants Externes - (2) Experts en Infrastructure Portuaire et (1) Environnementaliste dans le domaine Portuaire,,scraped,2026-08-27T16:21:02.913031,
efc762518c09136c,https://ci.linkedin.com/jobs/view/repr%C3%A9sentant-technico-commercial-4459849199,Représentant technico-commercial,DOeat IC,posted,2026-08-27T16:21:25.759487,982
eb5302b4a57a8cb9,https://ci.linkedin.com/jobs/view/assistant-commercial-b2b-at-wiassur-4458742367,Assistant Commercial B2B,,scraped,2026-08-27T16:21:28.338215,
5a81883d8db200a8,https://ci.linkedin.com/jobs/view/un-1-directeur-achats-et-logistique-h-f-at-agiloya-afrique-4457951459,UN (1) DIRECTEUR ACHATS ET LOGISTIQUE - H/F,,scraped,2026-08-27T16:21:35.719194,
3faaa8e1a04af51d,https://ci.linkedin.com/jobs/view/concepteur-de-r%C3%A9seau-t%C3%A9l%C3%A9com-at-w-e-consulting-4457958850,Concepteur de réseau Télécom,W.E Consulting,posted,2026-08-27T16:21:51.669251,984
396afea1e9363d14,https://ci.linkedin.com/jobs/view/superviseur-de-production-test-production-team-leader-test-at-rolls-royce-4459325012,Superviseur de production - Test / Production Team Leader - Test,,scraped,2026-08-27T16:21:55.732468,
da69d558ac8daf90,https://ci.linkedin.com/jobs/view/collection-officer-at-djamo-4459846557,Collection Officer,,scraped,2026-08-27T16:22:02.677961,
245c512a17ae8967,https://ci.linkedin.com/jobs/view/repr%C3%A9sentant-technique-des-moteurs-d-a%C3%A9ronautique-aeroengine-technical-representative-at-rolls-royce-4459044466,Représentant technique des moteurs d'aéronautique / Aeroengine Technical Representative,,scraped,2026-08-27T16:22:12.531106,
9a62e0d424d7f2d2,https://ci.linkedin.com/jobs/view/cuisini%C3%A8re-ou-cuisinier-classe-1-at-minist%C3%A8re-de-la-s%C3%A9curit%C3%A9-int%C3%A9rieure-msi-4459142822,"Cuisinière ou cuisinier, classe 1",,scraped,2026-08-27T16:22:23.161110,
4b5535617b18d949,https://ci.linkedin.com/jobs/view/repr%C3%A9sentant-commercial-ind%C3%A9pendant-afrique-de-l-ouest-at-mus-consulting-4458356529,Représentant commercial indépendant Afrique de l'Ouest,MUS-consulting,posted,2026-08-27T16:23:47.582317,986
1a67a1184f0cf81d,https://ci.linkedin.com/jobs/view/charg%C3%A9-suivi-%C3%A9valuation-redevabilit%C3%A9-et-apprentissage-meal-at-jhpiego-4457344433,"Chargé Suivi-Évaluation, Redevabilité et Apprentissage (MEAL)",Jhpiego,posted,2026-08-27T16:23:57.063112,988
23eb0b698a9a20b8,https://ci.linkedin.com/jobs/view/technicien-methode-at-solibra-ci-4456677070,TECHNICIEN METHODE,,scraped,2026-08-27T16:23:59.708240,
e68b3a7fbbf575ba,https://ci.linkedin.com/jobs/view/sales-development-intern-at-djamo-4459841614,Sales Development (Intern),,scraped,2026-08-27T16:24:06.165218,
39917ba64d636ff2,https://ci.linkedin.com/jobs/view/chef-atelier-entretien-embouteillage-at-solibra-ci-4457653148,CHEF ATELIER ENTRETIEN EMBOUTEILLAGE,,scraped,2026-08-27T16:24:18.774139,
836d1c77f47e75cc,https://ci.linkedin.com/jobs/view/procurement-specialist-at-foundever-4457612323,Procurement Specialist,Foundever,posted,2026-08-29T11:33:28.335408,990
2493da5865943ddc,https://ci.linkedin.com/jobs/view/field-specialist-at-earthworm-foundation-4458006058,Field Specialist,,scraped,2026-08-29T11:33:38.655554,
3d85d6c414f2ca3c,https://ci.linkedin.com/jobs/view/education-labor-economist-specialist-millennium-challenge-corporation-mcc-cote-d%E2%80%99ivoire-technical-vocational-education-and-training-tvet-evaluation-at-tvet-jobs-4457248043,"Education / Labor Economist Specialist, Millennium Challenge Corporation (MCC) / Cote d’Ivoire Technical, Vocational Education and Training (TVET) Evaluation",TVET Jobs,posted,2026-08-29T11:33:52.016554,992
b984cb665698b956,https://ci.linkedin.com/jobs/view/barista-at-navy-events-4457270371,Barista,,scraped,2026-08-29T11:33:54.615181,
e8cb9dd1ef9a150b,https://ci.linkedin.com/jobs/view/business-analyst-c%C3%B4te-d%E2%80%99ivoire-at-myagro-4460387602,"Business Analyst, Côte d’Ivoire",,scraped,2026-08-29T11:34:01.887591,
3357d55a07abbcf6,https://ci.linkedin.com/jobs/view/directeur-technique-directrice-technique-at-kcr-partners-4458159490,Directeur technique/Directrice technique,KCR Partners,posted,2026-08-29T11:34:12.852772,360
edc51f851724f9cb,https://ci.linkedin.com/jobs/view/charg%C3%A9-d-affaire-trade-finance-at-jobego-4457996889,Chargé d'affaire Trade Finance,,scraped,2026-08-29T11:34:15.470911,
d5b403c65a49c18d,https://ci.linkedin.com/jobs/view/partner-financement-structur%C3%A9-at-sef-capital-4460588004,Partner - Financement Structuré,,scraped,2026-08-29T11:34:21.570668,
c0993fe74f33c2b9,https://ci.linkedin.com/jobs/view/b2b-sales-specialist-at-yango-4456880305,B2B Sales Specialist,Yango,posted,2026-08-29T11:34:36.127019,994
9e1dd10580cdfbae,https://ci.linkedin.com/jobs/view/sr-manager-fintech-activation-at-visa-4459178472,Sr Manager Fintech Activation,Visa,posted,2026-08-29T11:34:44.827152,996
cfcb79615f5c6220,https://ci.linkedin.com/jobs/view/marketing-manager-west-and-central-africa-at-bic-4458915708,Marketing Manager West and Central Africa,BIC,posted,2026-08-29T11:34:59.815904,998
55e0348a10322638,https://ci.linkedin.com/jobs/view/g%C3%A9rant-directeur-g%C3%A9n%C3%A9ral-%E2%80%93-restauration-h-f-4457894036,Gérant / Directeur Général – Restauration (H/F),CIFF,posted,2026-08-29T11:35:09.516808,1000
20944760b64ffbb1,https://ci.linkedin.com/jobs/view/technicien-itinerant-at-bia-group-4458092907,Technicien Itinerant,,scraped,2026-08-29T11:35:12.074916,
7d9b1ef656b28919,https://ci.linkedin.com/jobs/view/regional-hub-director-at-african-development-bank-group-4457992258,Regional Hub Director,,scraped,2026-08-29T11:35:18.594165,
95e5fd1f8f6bd2ef,https://ci.linkedin.com/jobs/view/repr%C3%A9sentant-commercial-at-ezviz-inc-4455844606,Représentant Commercial,EZVIZ Inc.,posted,2026-08-29T11:35:31.016528,1002
caa2e8aee8a8e74b,https://ci.linkedin.com/jobs/view/qa-qc-civil-steel-structure-inspector-osbl-at-kt-kinetics-technology-4458407668,QA/QC Civil/Steel Structure Inspector OSBL,,scraped,2026-08-29T11:35:33.603890,
dca5e1d4702b935e,https://ci.linkedin.com/jobs/view/hiring-an-experienced-accountant-in-abidjan-%E2%80%93-kabalan-plast-at-careers-and-jobs-in-lebanon-4458575600,Hiring an experienced Accountant in Abidjan – Kabalan Plast,,scraped,2026-08-29T11:35:41.117540,
150a71d94528080e,https://ci.linkedin.com/jobs/view/des-stagiaires-rh-h-f-at-africa-global-logistics-4457272048,DES STAGIAIRES RH H/F,Africa Global Logistics,posted,2026-08-29T11:36:07.058948,1004
482f41a64c0674e6,https://ci.linkedin.com/jobs/view/r%C3%A9dacteur-sinistres-sant%C3%A9-at-wtw-4432417578,Rédacteur Sinistres Santé,WTW,posted,2026-08-29T11:36:19.368403,1006
2d04e6e0ea2cfc16,https://ci.linkedin.com/jobs/view/superviseur-piping-structure-h-f-at-ep2c-4458012125,SUPERVISEUR PIPING / STRUCTURE (H/F),,scraped,2026-08-29T11:36:21.949783,
f9d62cb61ee6e534,https://ci.linkedin.com/jobs/view/conseiller-technique-surveillance-epid%C3%A9miologique-et-sant%C3%A9-s%C3%A9curitaire-at-jhpiego-4457333372,Conseiller Technique_ Surveillance Epidémiologique et Santé Sécuritaire,Jhpiego,posted,2026-08-29T11:36:34.693621,1008
9ccec164dea80c0b,https://ci.linkedin.com/jobs/view/transport-experts-at-ntu-international-a-s-4459877870,Transport Experts,,scraped,2026-08-29T11:36:43.101514,
a294900810b22d17,https://ci.linkedin.com/jobs/view/junior-graphic-designer-at-la-ruelle-inc-4460396542,Junior Graphic Designer,La RUELLE INC,posted,2026-08-29T11:36:55.683513,1010
956dd6f3ed6fbf50,https://ci.linkedin.com/jobs/view/crane-operator-at-altera-infrastructure-4458290099,Crane Operator,,scraped,2026-08-29T11:37:00.261477,
b6761f471062619b,https://ci.linkedin.com/jobs/view/new-superviseur-des-ventes-abidjan-mj002275-at-sunda-international-4459835643,NEW Superviseur des ventes Abidjan (MJ002275),,scraped,2026-08-29T11:37:09.474062,
43f5b8475f8b2297,https://ci.linkedin.com/jobs/view/senior-tvet-evaluation-expert-at-tvet-jobs-4457244132,Senior TVET Evaluation Expert,TVET Jobs,posted,2026-08-29T11:37:26.541121,1012
6c840400937b4409,https://ci.linkedin.com/jobs/view/senior-tvet-evaluation-expert-mcc-c%C3%B4te-d-ivoire-tvet-activity-evaluation-at-tvet-jobs-4457295652,"Senior TVET Evaluation Expert, MCC Côte d'Ivoire TVET Activity Evaluation",TVET Jobs,posted,2026-08-29T11:37:35.406149,1014
a088cb1c437f0150,https://ci.linkedin.com/jobs/view/expert-juridique-senior-conseil-en-transactions-at-nouavou-net-4458936836,Expert juridique senior / Conseil en transactions,,scraped,2026-08-29T11:37:42.031228,
11e73d0e5b552574,https://ci.linkedin.com/jobs/view/assistant-logistique-at-nouavou-net-4458951006,Assistant logistique,,scraped,2026-08-29T11:37:50.723268,
82506b22e9e9ee31,https://ci.linkedin.com/jobs/view/commercial-at-nouavou-net-4459462942,COMMERCIAL,,scraped,2026-08-29T11:37:57.489827,
ba0b784f3b65b542,https://ci.linkedin.com/jobs/view/technical-and-vocational-education-and-training-tvet-expert-at-tvet-jobs-4457713506,Technical and Vocational Education and Training (TVET) Expert,TVET Jobs,posted,2026-08-29T11:38:10.916372,1016
81f973a14828af07,https://ci.linkedin.com/jobs/view/sp%C3%A9cialiste-en-marketing-digital-data-h-f-at-nouavou-net-4457905249,Spécialiste en Marketing Digital & Data (H/F),,scraped,2026-08-29T11:38:13.543935,
11d11989059932e5,https://ci.linkedin.com/jobs/view/sp%C3%A9cialiste-des-ressources-humaines-at-soci%C3%A9t%C3%A9-g%C3%A9n%C3%A9rale-c%C3%B4te-d-ivoire-4460306348,Spécialiste des ressources humaines,,scraped,2026-08-31T11:31:04.706616,
9ef77a70e68e7325,https://ci.linkedin.com/jobs/view/auditeur-financier-at-cabinet-fcs-4461084245,Auditeur financier,Cabinet FCS,posted,2026-08-31T11:31:22.978693,1018
4f79482f477ec2a1,https://ci.linkedin.com/jobs/view/sales-and-marketing-director-at-gsm-green-sm-4458064522,Sales And Marketing Director,,scraped,2026-08-31T11:31:27.731164,
2d78e7021a6efcf1,https://ci.linkedin.com/jobs/view/charge-de-support-applicatif-h-f-at-africa-global-logistics-4458884798,CHARGE DE SUPPORT APPLICATIF H/F,Africa Global Logistics,posted,2026-08-31T11:31:49.328356,1020
8b24bc9053574739,https://ci.linkedin.com/jobs/view/agent-d%E2%80%99entrep%C3%B4t-mj002300-at-sunda-international-4461024055,Agent d’Entrepôt (MJ002300),森大国际,posted,2026-08-31T11:32:05.020457,1022
9dfb8eb3147fde91,https://ci.linkedin.com/jobs/view/business-development-representative-at-traverse-connect-4460881921,Business Development Representative,Traverse Connect,posted,2026-08-31T11:32:19.069516,1024
dcd1358f43615d05,https://ci.linkedin.com/jobs/view/responsable-du-d%C3%A9douanement-customs-clearance-manager-at-sany-heavy-industry-c%C3%B4te-d-ivoire-4458966491,Responsable du dédouanement (Customs Clearance Manager),SANY Heavy Industry Côte d'Ivoire,posted,2026-08-31T11:32:30.518452,1026
fed57dafab194d38,https://ci.linkedin.com/jobs/view/information-system-security-engineer-at-djamo-4459835595,Information System Security Engineer,,scraped,2026-08-31T11:32:33.213316,
8e745b1fc1c19a22,https://ci.linkedin.com/jobs/view/interprete-chinois-at-innovative-language-solutions-ils-4459864803,INTERPRETE CHINOIS,Innovative Language Solutions - ILS,posted,2026-08-31T11:32:47.932650,1028
9200e6c94652bf67,https://ci.linkedin.com/jobs/view/caissi%C3%A8re-h-f-4458855109,CAISSIÈRE (H/F),Lycée Le Roi des Rois,posted,2026-08-31T11:33:04.026066,1030
1fe498b0d3f1181f,https://ci.linkedin.com/jobs/view/b2b-sales-assistant-at-wiassur-4458742367,B2B Sales Assistant,,scraped,2026-08-31T11:33:06.734514,
bdd030b4976d2948,https://ci.linkedin.com/jobs/view/consultant-e-expert-e-seo-at-vendoprone-4461067067,Consultant(e) Expert(e) SEO,,scraped,2026-08-31T11:33:19.893144,
07c8282ebdcc7c34,https://ci.linkedin.com/jobs/view/stagiaire-it-%E2%80%93-support-r%C3%A9seau-infrastructure-at-enko-education-4460362069,"STAGIAIRE IT – SUPPORT, RÉSEAU & INFRASTRUCTURE",Enko Education,posted,2026-08-31T11:33:36.841600,1032
99d87588a542da8e,https://ci.linkedin.com/jobs/view/country-manager-freelance-agent-commercial-at-brv-max-4458335494,Country Manager (Freelance / Agent commercial),,scraped,2026-08-31T11:33:39.657586,
f415efea51549945,https://ci.linkedin.com/jobs/view/formateur-trice-en-langue-italienne-4451512461,FORMATEUR(TRICE) EN LANGUE ITALIENNE,MONPROFCHEZMOI,posted,2026-08-31T11:33:51.336166,1034
0c1389ee4a04d8a4,https://ci.linkedin.com/jobs/view/dtc-e-commerce-specialist-at-ecommerce-guide-4460812634,DTC E-commerce Specialist,Ecommerce Guide,posted,2026-08-31T11:34:05.047148,1036
bf3e704a1abb6bcd,https://ci.linkedin.com/jobs/view/child-protection-specialist-no-c-ft-%23117027-man-outpost-soubre-cote-d-ivoire-wcar-at-unicef-chad-4458014192,"Child Protection Specialist, NO-C, FT, #117027, Man_Outpost Soubre - Cote d'Ivoire, WCAR",Unicef CHAD,posted,2026-08-31T11:34:18.567623,1038
bc7697aae4764259,https://ci.linkedin.com/jobs/view/assistant-gestion-des-d%C3%A9penses-expenses-assistant-mj001831-at-sunda-international-4458996247,Assistant Gestion des dépenses (Expenses Assistant) (MJ001831),,scraped,2026-08-31T11:34:21.339988,
a0e53211f691a59d,https://ci.linkedin.com/jobs/view/facility-manager-at-confidential-jobs-4459790782,Facility Manager,Confidential Jobs,posted,2026-08-31T11:34:40.113021,1040
9239d865fadac504,https://ci.linkedin.com/jobs/view/mobile-money-engineer-at-nouavou-net-4459760964,Mobile Money Engineer,,scraped,2026-08-31T11:34:44.770154,
845fbec8aea6810f,https://ci.linkedin.com/jobs/view/commerciale-at-nouavou-net-4459777708,COMMERCIALE,,scraped,2026-08-31T11:34:53.768227,
ac4b4307a87b8ee1,https://ci.linkedin.com/jobs/view/conseiller-%C3%A8re-m%C3%A9diation-emploi-d%C3%A9veloppement-de-carri%C3%A8re-at-confidential-jobs-4459787507,Conseiller(ère) Médiation Emploi & Développement de Carrière,Confidential Jobs,posted,2026-08-31T11:35:07.887295,1042
a2fac519efeb4188,https://ci.linkedin.com/jobs/view/in-country-coordinator-mcc-c%C3%B4te-d-ivoire-tvet-activity-evaluation-at-tvet-jobs-4457710491,"In Country Coordinator, MCC Côte d'Ivoire TVET Activity Evaluation",TVET Jobs,posted,2026-08-31T11:35:16.657800,1044
9df2d9766d07c74f,https://ci.linkedin.com/jobs/view/ingenieur-structures-h-f-at-nouavou-net-4459767896,INGENIEUR STRUCTURES (H/F),,scraped,2026-08-31T11:35:19.020736,
ec6023665ca4b8d6,https://ci.linkedin.com/jobs/view/consultants-formateurs-freelance-at-nouavou-net-4459720936,Consultants- Formateurs Freelance,,scraped,2026-08-31T11:35:31.631595,
7e7890f005cbe2f8,https://ci.linkedin.com/jobs/view/d%C3%A9veloppeur-se-senior-at-nouavou-net-4459475916,Développeur(se) Senior,,scraped,2026-08-31T11:35:44.675661,
